,movie,year,imdb,metascore,votes
0,Gladiator,2000,8.5,67.0,1187559
1,Memento,2000,8.5,80.0,1014199
2,Snatch,2000,8.3,,707162
3,Requiem for a Dream,2000,8.3,68.0,688394
4,X-Men,2000,7.4,64.0,526411
5,Cast Away,2000,7.8,73.0,465125
6,American Psycho,2000,7.6,64.0,422475
7,Unbreakable,2000,7.3,62.0,335334
8,Meet the Parents,2000,7.0,73.0,290126
9,Mission: Impossible II,2000,6.1,,286465
10,"O Brother, Where Art Thou?",2000,7.8,69.0,261119
11,Gone in Sixty Seconds,2000,6.5,,243247
12,Wo hu cang long,2000,7.9,93.0,237498
13,The Patriot,2000,7.2,63.0,234473
14,Almost Famous,2000,7.9,90.0,232474
15,Pitch Black,2000,7.1,,212215
16,Scary Movie,2000,6.2,,212038
17,Final Destination,2000,6.7,,207634
18,"Me, Myself & Irene",2000,6.6,,207542
19,The Beach,2000,6.6,,205329
20,Amores perros,2000,8.1,83.0,204468
21,Traffic,2000,7.6,86.0,184710
22,Remember the Titans,2000,7.8,,182238
23,How the Grinch Stole Christmas,2000,6.1,,181151
24,What Women Want,2000,6.4,,178459
25,Chocolat,2000,7.3,64.0,166739
26,Miss Congeniality,2000,6.2,,166121
27,Chicken Run,2000,7.0,88.0,161403
28,Charlie's Angels,2000,5.5,,161175
29,Batoru rowaiaru,2000,7.7,81.0,157589
30,High Fidelity,2000,7.5,79.0,157024
31,The Emperor's New Groove,2000,7.3,70.0,156918
32,Erin Brockovich,2000,7.3,73.0,156488
33,Road Trip,2000,6.5,,146988
34,The Perfect Storm,2000,6.4,,145539
35,"Dude, Where's My Car?",2000,5.5,,127520
36,Hollow Man,2000,5.7,,113534
37,Scream 3,2000,5.6,,112795
38,Billy Elliot,2000,7.7,74.0,112664
39,Shanghai Noon,2000,6.6,77.0,110410
40,The 6th Day,2000,5.9,,109478
41,What Lies Beneath,2000,6.6,,109084
42,Malcolm in the Middle,2000,8.0,,107426
43,Pay It Forward,2000,7.2,,106347
44,Faa yeung nin wa,2000,8.1,85.0,103042
45,The Whole Nine Yards,2000,6.7,,101292
46,Coyote Ugly,2000,5.7,,99889
47,Men of Honor,2000,7.2,,99843
48,The Family Man,2000,6.8,,96276
49,Frequency,2000,7.4,67.0,93428
50,Gladiator,2000,8.5,67.0,1187559
51,Memento,2000,8.5,80.0,1014199
52,Snatch,2000,8.3,,707162
53,Requiem for a Dream,2000,8.3,68.0,688394
54,X-Men,2000,7.4,64.0,526411
55,Cast Away,2000,7.8,73.0,465125
56,American Psycho,2000,7.6,64.0,422475
57,Unbreakable,2000,7.3,62.0,335334
58,Meet the Parents,2000,7.0,73.0,290126
59,Mission: Impossible II,2000,6.1,,286465
60,"O Brother, Where Art Thou?",2000,7.8,69.0,261119
61,Gone in Sixty Seconds,2000,6.5,,243247
62,Wo hu cang long,2000,7.9,93.0,237498
63,The Patriot,2000,7.2,63.0,234473
64,Almost Famous,2000,7.9,90.0,232474
65,Pitch Black,2000,7.1,,212215
66,Scary Movie,2000,6.2,,212038
67,Final Destination,2000,6.7,,207634
68,"Me, Myself & Irene",2000,6.6,,207542
69,The Beach,2000,6.6,,205329
70,Amores perros,2000,8.1,83.0,204468
71,Traffic,2000,7.6,86.0,184710
72,Remember the Titans,2000,7.8,,182238
73,How the Grinch Stole Christmas,2000,6.1,,181151
74,What Women Want,2000,6.4,,178459
75,Chocolat,2000,7.3,64.0,166739
76,Miss Congeniality,2000,6.2,,166121
77,Chicken Run,2000,7.0,88.0,161403
78,Charlie's Angels,2000,5.5,,161175
79,Batoru rowaiaru,2000,7.7,81.0,157589
80,High Fidelity,2000,7.5,79.0,157024
81,The Emperor's New Groove,2000,7.3,70.0,156918
82,Erin Brockovich,2000,7.3,73.0,156488
83,Road Trip,2000,6.5,,146988
84,The Perfect Storm,2000,6.4,,145539
85,"Dude, Where's My Car?",2000,5.5,,127520
86,Hollow Man,2000,5.7,,113534
87,Scream 3,2000,5.6,,112795
88,Billy Elliot,2000,7.7,74.0,112664
89,Shanghai Noon,2000,6.6,77.0,110410
90,The 6th Day,2000,5.9,,109478
91,What Lies Beneath,2000,6.6,,109084
92,Malcolm in the Middle,2000,8.0,,107426
93,Pay It Forward,2000,7.2,,106347
94,Faa yeung nin wa,2000,8.1,85.0,103042
95,The Whole Nine Yards,2000,6.7,,101292
96,Coyote Ugly,2000,5.7,,99889
97,Men of Honor,2000,7.2,,99843
98,The Family Man,2000,6.8,,96276
99,Frequency,2000,7.4,67.0,93428
100,The Lord of the Rings: The Fellowship of the Ring,2001,8.8,92.0,1478783
101,A Beautiful Mind,2001,8.2,72.0,756786
102,"Monsters, Inc.",2001,8.1,78.0,724068
103,Donnie Darko,2001,8.1,88.0,688260
104,Amélie,2001,8.3,69.0,641467
105,Harry Potter and the Sorcerer's Stone,2001,7.6,64.0,558883
106,Shrek,2001,7.9,84.0,551023
107,Sen to Chihiro no kamikakushi,2001,8.6,96.0,542956
108,Ocean's Eleven,2001,7.8,74.0,467764
109,Training Day,2001,7.7,69.0,351876
110,Black Hawk Down,2001,7.7,74.0,334764
111,The Fast and the Furious,2001,6.8,,315711
112,The Others,2001,7.6,74.0,309699
113,Band of Brothers,2001,9.5,,307747
114,Pearl Harbor,2001,6.1,,289730
115,Mulholland Dr.,2001,8.0,83.0,286463
116,The Mummy Returns,2001,6.4,,280619
117,Artificial Intelligence: AI,2001,7.1,65.0,271351
118,Jurassic Park III,2001,5.9,,267323
119,Moulin Rouge!,2001,7.6,66.0,249368
120,The Royal Tenenbaums,2001,7.6,76.0,242710
121,Hannibal,2001,6.8,,234023
122,Vanilla Sky,2001,6.9,,231847
123,Zoolander,2001,6.6,61.0,228393
124,American Pie 2,2001,6.4,,222652
125,Blow,2001,7.6,,221332
126,Scrubs,2001,8.4,,221280
127,Enemy at the Gates,2001,7.6,,221269
128,Bridget Jones's Diary,2001,6.7,66.0,203237
129,Planet of the Apes,2001,5.7,,199776
130,Lara Croft: Tomb Raider,2001,5.8,,183180
131,Rush Hour 2,2001,6.6,,182975
132,Swordfish,2001,6.5,,167723
133,K-PAX,2001,7.4,,165883
134,24,2001,8.4,,161859
135,Legally Blonde,2001,6.3,,160767
136,A Knight's Tale,2001,6.9,,155359
137,Jay and Silent Bob Strike Back,2001,6.9,,139841
138,From Hell,2001,6.8,,138120
139,Scary Movie 2,2001,5.3,,136531
140,I Am Sam,2001,7.6,,134519
141,Spy Game,2001,7.1,63.0,133889
142,Shallow Hal,2001,5.9,,119923
143,The Princess Diaries,2001,6.3,,114233
144,The Score,2001,6.8,71.0,112132
145,Evolution,2001,6.1,,111506
146,Six Feet Under,2001,8.7,,108677
147,Smallville,2001,7.5,,107536
148,Ghost World,2001,7.4,88.0,105974
149,Y tu mamá también,2001,7.7,88.0,105537
150,The Lord of the Rings: The Fellowship of the Ring,2001,8.8,92.0,1478783
151,A Beautiful Mind,2001,8.2,72.0,756786
152,"Monsters, Inc.",2001,8.1,78.0,724068
153,Donnie Darko,2001,8.1,88.0,688260
154,Amélie,2001,8.3,69.0,641467
155,Harry Potter and the Sorcerer's Stone,2001,7.6,64.0,558883
156,Shrek,2001,7.9,84.0,551023
157,Sen to Chihiro no kamikakushi,2001,8.6,96.0,542956
158,Ocean's Eleven,2001,7.8,74.0,467764
159,Training Day,2001,7.7,69.0,351876
160,Black Hawk Down,2001,7.7,74.0,334764
161,The Fast and the Furious,2001,6.8,,315711
162,The Others,2001,7.6,74.0,309699
163,Band of Brothers,2001,9.5,,307747
164,Pearl Harbor,2001,6.1,,289730
165,Mulholland Dr.,2001,8.0,83.0,286463
166,The Mummy Returns,2001,6.4,,280619
167,Artificial Intelligence: AI,2001,7.1,65.0,271351
168,Jurassic Park III,2001,5.9,,267323
169,Moulin Rouge!,2001,7.6,66.0,249368
170,The Royal Tenenbaums,2001,7.6,76.0,242710
171,Hannibal,2001,6.8,,234023
172,Vanilla Sky,2001,6.9,,231847
173,Zoolander,2001,6.6,61.0,228393
174,American Pie 2,2001,6.4,,222652
175,Blow,2001,7.6,,221332
176,Scrubs,2001,8.4,,221280
177,Enemy at the Gates,2001,7.6,,221269
178,Bridget Jones's Diary,2001,6.7,66.0,203237
179,Planet of the Apes,2001,5.7,,199776
180,Lara Croft: Tomb Raider,2001,5.8,,183180
181,Rush Hour 2,2001,6.6,,182975
182,Swordfish,2001,6.5,,167723
183,K-PAX,2001,7.4,,165883
184,24,2001,8.4,,161859
185,Legally Blonde,2001,6.3,,160767
186,A Knight's Tale,2001,6.9,,155359
187,Jay and Silent Bob Strike Back,2001,6.9,,139841
188,From Hell,2001,6.8,,138120
189,Scary Movie 2,2001,5.3,,136531
190,I Am Sam,2001,7.6,,134519
191,Spy Game,2001,7.1,63.0,133889
192,Shallow Hal,2001,5.9,,119923
193,The Princess Diaries,2001,6.3,,114233
194,The Score,2001,6.8,71.0,112132
195,Evolution,2001,6.1,,111506
196,Six Feet Under,2001,8.7,,108677
197,Smallville,2001,7.5,,107536
198,Ghost World,2001,7.4,88.0,105974
199,Y tu mamá también,2001,7.7,88.0,105537
200,The Lord of the Rings: The Two Towers,2002,8.7,87.0,1322110
201,Catch Me If You Can,2002,8.1,75.0,699897
202,Cidade de Deus,2002,8.6,79.0,632933
203,Spider-Man,2002,7.3,73.0,628892
204,The Pianist,2002,8.5,85.0,626716
205,Star Wars: Episode II - Attack of the Clones,2002,6.6,,564027
206,Harry Potter and the Chamber of Secrets,2002,7.4,63.0,482674
207,The Bourne Identity,2002,7.9,68.0,469099
208,Minority Report,2002,7.7,80.0,463204
209,Ice Age,2002,7.5,,393174
210,Gangs of New York,2002,7.5,72.0,366108
211,28 Days Later...,2002,7.6,73.0,341350
212,Signs,2002,6.7,,311793
213,Men in Black II,2002,6.1,,307408
214,The Ring,2002,7.1,,293960
215,Equilibrium,2002,7.5,,293032
216,The Transporter,2002,6.8,,266475
217,Insomnia,2002,7.2,78.0,250595
218,The Wire,2002,9.3,,238822
219,Panic Room,2002,6.8,65.0,234144
220,Phone Booth,2002,7.1,,233986
221,Red Dragon,2002,7.2,,228930
222,Resident Evil,2002,6.7,,228901
223,Road to Perdition,2002,7.7,72.0,225901
224,8 Mile,2002,7.1,77.0,224920
225,Firefly,2002,9.0,,221919
226,Chicago,2002,7.2,82.0,198403
227,Die Another Day,2002,6.1,,189413
228,A Walk to Remember,2002,7.4,,185951
229,Blade II,2002,6.7,,183686
230,Austin Powers in Goldmember,2002,6.2,62.0,181721
231,xXx,2002,5.9,,164352
232,Ying xiong,2002,7.9,85.0,164310
233,Adaptation.,2002,7.7,83.0,163423
234,25th Hour,2002,7.7,67.0,161595
235,About a Boy,2002,7.1,75.0,158920
236,Lilo & Stitch,2002,7.2,73.0,146553
237,Bowling for Columbine,2002,8.0,72.0,133918
238,Punch-Drunk Love,2002,7.3,78.0,130154
239,Mr. Deeds,2002,5.8,,125293
240,The Scorpion King,2002,5.5,,121008
241,We Were Soldiers,2002,7.2,65.0,119350
242,The Count of Monte Cristo,2002,7.8,61.0,118564
243,Reign of Fire,2002,6.2,,118429
244,About Schmidt,2002,7.2,85.0,116382
245,The Hours,2002,7.6,80.0,115285
246,John Q,2002,7.1,,113875
247,My Big Fat Greek Wedding,2002,6.6,62.0,112533
248,The Time Machine,2002,5.9,,112119
249,Mou gaan dou,2002,8.1,75.0,110139
250,The Lord of the Rings: The Two Towers,2002,8.7,87.0,1322110
251,Catch Me If You Can,2002,8.1,75.0,699897
252,Cidade de Deus,2002,8.6,79.0,632933
253,Spider-Man,2002,7.3,73.0,628892
254,The Pianist,2002,8.5,85.0,626716
255,Star Wars: Episode II - Attack of the Clones,2002,6.6,,564027
256,Harry Potter and the Chamber of Secrets,2002,7.4,63.0,482674
257,The Bourne Identity,2002,7.9,68.0,469099
258,Minority Report,2002,7.7,80.0,463204
259,Ice Age,2002,7.5,,393174
260,Gangs of New York,2002,7.5,72.0,366108
261,28 Days Later...,2002,7.6,73.0,341350
262,Signs,2002,6.7,,311793
263,Men in Black II,2002,6.1,,307408
264,The Ring,2002,7.1,,293960
265,Equilibrium,2002,7.5,,293032
266,The Transporter,2002,6.8,,266475
267,Insomnia,2002,7.2,78.0,250595
268,The Wire,2002,9.3,,238822
269,Panic Room,2002,6.8,65.0,234144
270,Phone Booth,2002,7.1,,233986
271,Red Dragon,2002,7.2,,228930
272,Resident Evil,2002,6.7,,228901
273,Road to Perdition,2002,7.7,72.0,225901
274,8 Mile,2002,7.1,77.0,224920
275,Firefly,2002,9.0,,221919
276,Chicago,2002,7.2,82.0,198403
277,Die Another Day,2002,6.1,,189413
278,A Walk to Remember,2002,7.4,,185951
279,Blade II,2002,6.7,,183686
280,Austin Powers in Goldmember,2002,6.2,62.0,181721
281,xXx,2002,5.9,,164352
282,Ying xiong,2002,7.9,85.0,164310
283,Adaptation.,2002,7.7,83.0,163423
284,25th Hour,2002,7.7,67.0,161595
285,About a Boy,2002,7.1,75.0,158920
286,Lilo & Stitch,2002,7.2,73.0,146553
287,Bowling for Columbine,2002,8.0,72.0,133918
288,Punch-Drunk Love,2002,7.3,78.0,130154
289,Mr. Deeds,2002,5.8,,125293
290,The Scorpion King,2002,5.5,,121008
291,We Were Soldiers,2002,7.2,65.0,119350
292,The Count of Monte Cristo,2002,7.8,61.0,118564
293,Reign of Fire,2002,6.2,,118429
294,About Schmidt,2002,7.2,85.0,116382
295,The Hours,2002,7.6,80.0,115285
296,John Q,2002,7.1,,113875
297,My Big Fat Greek Wedding,2002,6.6,62.0,112533
298,The Time Machine,2002,5.9,,112119
299,Mou gaan dou,2002,8.1,75.0,110139
300,The Lord of the Rings: The Return of the King,2003,8.9,94.0,1462118
301,Pirates of the Caribbean: The Curse of the Black Pearl,2003,8.0,63.0,950582
302,Kill Bill: Vol. 1,2003,8.1,69.0,888283
303,Finding Nemo,2003,8.1,90.0,851025
304,X2,2003,7.5,68.0,472534
305,The Matrix Reloaded,2003,7.2,62.0,471761
306,Oldeuboi,2003,8.4,74.0,448739
307,The Matrix Revolutions,2003,6.7,,409505
308,Big Fish,2003,8.0,,386099
309,Mystic River,2003,8.0,84.0,383967
310,Love Actually,2003,7.6,,381736
311,Lost in Translation,2003,7.8,89.0,369050
312,The Last Samurai,2003,7.7,,365094
313,Terminator 3: Rise of the Machines,2003,6.3,66.0,344420
314,Bruce Almighty,2003,6.7,,341437
315,The Italian Job,2003,7.0,68.0,318733
316,Arrested Development,2003,8.9,,250696
317,The School of Rock,2003,7.1,82.0,240423
318,Underworld,2003,7.0,,236817
319,Hulk,2003,5.7,,236451
320,2 Fast 2 Furious,2003,5.9,,227224
321,Two and a Half Men,2003,7.1,,224350
322,21 Grams,2003,7.7,70.0,210781
323,Identity,2003,7.3,64.0,206712
324,Bad Boys II,2003,6.6,,203828
325,Old School,2003,7.1,,201911
326,Daredevil,2003,5.3,,195634
327,Anger Management,2003,6.2,,189552
328,Elf,2003,6.9,64.0,188866
329,How to Lose a Guy in 10 Days,2003,6.4,,187703
330,Master and Commander: The Far Side of the World,2003,7.4,81.0,187573
331,Avatar: The Last Airbender,2003,9.2,,183044
332,American Wedding,2003,6.3,,180508
333,The League of Extraordinary Gentlemen,2003,5.8,,155648
334,Once Upon a Time in Mexico,2003,6.4,,143833
335,Final Destination 2,2003,6.2,,138029
336,Johnny English,2003,6.2,,134078
337,Cold Mountain,2003,7.2,73.0,130773
338,S.W.A.T.,2003,6.0,,130264
339,Good Bye Lenin!,2003,7.7,68.0,127944
340,Bad Santa,2003,7.1,70.0,126465
341,Scary Movie 3,2003,5.5,,126402
342,Dogville,2003,8.0,,124349
343,The Recruit,2003,6.6,,123291
344,Monster,2003,7.3,74.0,122983
345,The Texas Chainsaw Massacre,2003,6.2,,121351
346,Lara Croft Tomb Raider: The Cradle of Life,2003,5.5,,120213
347,Matchstick Men,2003,7.3,61.0,117042
348,Freaky Friday,2003,6.2,70.0,113525
349,Charlie's Angels: Full Throttle,2003,4.9,,111449
350,The Lord of the Rings: The Return of the King,2003,8.9,94.0,1462118
351,Pirates of the Caribbean: The Curse of the Black Pearl,2003,8.0,63.0,950582
352,Kill Bill: Vol. 1,2003,8.1,69.0,888283
353,Finding Nemo,2003,8.1,90.0,851025
354,X2,2003,7.5,68.0,472534
355,The Matrix Reloaded,2003,7.2,62.0,471761
356,Oldeuboi,2003,8.4,74.0,448739
357,The Matrix Revolutions,2003,6.7,,409505
358,Big Fish,2003,8.0,,386099
359,Mystic River,2003,8.0,84.0,383967
360,Love Actually,2003,7.6,,381736
361,Lost in Translation,2003,7.8,89.0,369050
362,The Last Samurai,2003,7.7,,365094
363,Terminator 3: Rise of the Machines,2003,6.3,66.0,344420
364,Bruce Almighty,2003,6.7,,341437
365,The Italian Job,2003,7.0,68.0,318733
366,Arrested Development,2003,8.9,,250696
367,The School of Rock,2003,7.1,82.0,240423
368,Underworld,2003,7.0,,236817
369,Hulk,2003,5.7,,236451
370,2 Fast 2 Furious,2003,5.9,,227224
371,Two and a Half Men,2003,7.1,,224350
372,21 Grams,2003,7.7,70.0,210781
373,Identity,2003,7.3,64.0,206712
374,Bad Boys II,2003,6.6,,203828
375,Old School,2003,7.1,,201911
376,Daredevil,2003,5.3,,195634
377,Anger Management,2003,6.2,,189552
378,Elf,2003,6.9,64.0,188866
379,How to Lose a Guy in 10 Days,2003,6.4,,187703
380,Master and Commander: The Far Side of the World,2003,7.4,81.0,187573
381,Avatar: The Last Airbender,2003,9.2,,183044
382,American Wedding,2003,6.3,,180508
383,The League of Extraordinary Gentlemen,2003,5.8,,155648
384,Once Upon a Time in Mexico,2003,6.4,,143833
385,Final Destination 2,2003,6.2,,138029
386,Johnny English,2003,6.2,,134078
387,Cold Mountain,2003,7.2,73.0,130773
388,S.W.A.T.,2003,6.0,,130264
389,Good Bye Lenin!,2003,7.7,68.0,127944
390,Bad Santa,2003,7.1,70.0,126465
391,Scary Movie 3,2003,5.5,,126402
392,Dogville,2003,8.0,,124349
393,The Recruit,2003,6.6,,123291
394,Monster,2003,7.3,74.0,122983
395,The Texas Chainsaw Massacre,2003,6.2,,121351
396,Lara Croft Tomb Raider: The Cradle of Life,2003,5.5,,120213
397,Matchstick Men,2003,7.3,61.0,117042
398,Freaky Friday,2003,6.2,70.0,113525
399,Charlie's Angels: Full Throttle,2003,4.9,,111449
400,Eternal Sunshine of the Spotless Mind,2004,8.3,89.0,809622
401,Kill Bill: Vol. 2,2004,8.0,83.0,602907
402,The Incredibles,2004,8.0,90.0,587630
403,Million Dollar Baby,2004,8.1,86.0,577821
404,Spider-Man 2,2004,7.3,83.0,490239
405,Harry Potter and the Prisoner of Azkaban,2004,7.9,82.0,478915
406,The Notebook,2004,7.9,,465610
407,Shaun of the Dead,2004,7.9,76.0,462350
408,"I, Robot",2004,7.1,,456657
409,Lost,2004,8.4,,448478
410,Troy,2004,7.2,,444908
411,The Butterfly Effect,2004,7.7,,415542
412,The Bourne Supremacy,2004,7.8,73.0,402337
413,Crash,2004,7.8,69.0,397322
414,The Day After Tomorrow,2004,6.4,,380054
415,Shrek 2,2004,7.2,75.0,373496
416,House M.D.,2004,8.7,,368087
417,The Terminal,2004,7.3,,359687
418,Saw,2004,7.6,,347159
419,Collateral,2004,7.5,71.0,331829
420,Ocean's Twelve,2004,6.5,,327146
421,The Machinist,2004,7.7,61.0,325710
422,Hotel Rwanda,2004,8.1,79.0,309417
423,Anchorman: The Legend of Ron Burgundy,2004,7.2,63.0,304484
424,Man on Fire,2004,7.7,,303597
425,The Aviator,2004,7.5,77.0,303496
426,50 First Dates,2004,6.8,,299939
427,Der Untergang,2004,8.2,82.0,299374
428,Mean Girls,2004,7.0,66.0,296045
429,National Treasure,2004,6.9,,282267
430,Hellboy,2004,6.9,72.0,281206
431,Hauru no ugoku shiro,2004,8.2,80.0,276466
432,Meet the Fockers,2004,6.3,,235637
433,Van Helsing,2004,6.1,,226133
434,The Village,2004,6.5,,224563
435,Dawn of the Dead,2004,7.3,,217955
436,Dodgeball: A True Underdog Story,2004,6.7,,210814
437,Before Sunset,2004,8.1,90.0,203873
438,The Chronicles of Riddick,2004,6.7,,202430
439,Garden State,2004,7.5,67.0,200264
440,The Passion of the Christ,2004,7.2,,198447
441,Finding Neverland,2004,7.7,67.0,189632
442,The Girl Next Door,2004,6.7,,188691
443,Closer,2004,7.3,65.0,188384
444,A Series of Unfortunate Events,2004,6.8,62.0,182980
445,Napoleon Dynamite,2004,6.9,64.0,181743
446,EuroTrip,2004,6.6,,180679
447,Resident Evil: Apocalypse,2004,6.2,,173340
448,AVP: Alien vs. Predator,2004,5.6,,170823
449,Harold & Kumar Go to White Castle,2004,7.1,64.0,170592
450,Eternal Sunshine of the Spotless Mind,2004,8.3,89.0,809622
451,Kill Bill: Vol. 2,2004,8.0,83.0,602907
452,The Incredibles,2004,8.0,90.0,587630
453,Million Dollar Baby,2004,8.1,86.0,577821
454,Spider-Man 2,2004,7.3,83.0,490239
455,Harry Potter and the Prisoner of Azkaban,2004,7.9,82.0,478915
456,The Notebook,2004,7.9,,465610
457,Shaun of the Dead,2004,7.9,76.0,462350
458,"I, Robot",2004,7.1,,456657
459,Lost,2004,8.4,,448478
460,Troy,2004,7.2,,444908
461,The Butterfly Effect,2004,7.7,,415542
462,The Bourne Supremacy,2004,7.8,73.0,402337
463,Crash,2004,7.8,69.0,397322
464,The Day After Tomorrow,2004,6.4,,380054
465,Shrek 2,2004,7.2,75.0,373496
466,House M.D.,2004,8.7,,368087
467,The Terminal,2004,7.3,,359687
468,Saw,2004,7.6,,347159
469,Collateral,2004,7.5,71.0,331829
470,Ocean's Twelve,2004,6.5,,327146
471,The Machinist,2004,7.7,61.0,325710
472,Hotel Rwanda,2004,8.1,79.0,309417
473,Anchorman: The Legend of Ron Burgundy,2004,7.2,63.0,304484
474,Man on Fire,2004,7.7,,303597
475,The Aviator,2004,7.5,77.0,303496
476,50 First Dates,2004,6.8,,299939
477,Der Untergang,2004,8.2,82.0,299374
478,Mean Girls,2004,7.0,66.0,296045
479,National Treasure,2004,6.9,,282267
480,Hellboy,2004,6.9,72.0,281206
481,Hauru no ugoku shiro,2004,8.2,80.0,276466
482,Meet the Fockers,2004,6.3,,235637
483,Van Helsing,2004,6.1,,226133
484,The Village,2004,6.5,,224563
485,Dawn of the Dead,2004,7.3,,217955
486,Dodgeball: A True Underdog Story,2004,6.7,,210814
487,Before Sunset,2004,8.1,90.0,203873
488,The Chronicles of Riddick,2004,6.7,,202430
489,Garden State,2004,7.5,67.0,200264
490,The Passion of the Christ,2004,7.2,,198447
491,Finding Neverland,2004,7.7,67.0,189632
492,The Girl Next Door,2004,6.7,,188691
493,Closer,2004,7.3,65.0,188384
494,A Series of Unfortunate Events,2004,6.8,62.0,182980
495,Napoleon Dynamite,2004,6.9,64.0,181743
496,EuroTrip,2004,6.6,,180679
497,Resident Evil: Apocalypse,2004,6.2,,173340
498,AVP: Alien vs. Predator,2004,5.6,,170823
499,Harold & Kumar Go to White Castle,2004,7.1,64.0,170592
500,Batman Begins,2005,8.3,70.0,1171391
501,V for Vendetta,2005,8.2,62.0,938585
502,Sin City,2005,8.0,74.0,710505
503,Star Wars: Episode III - Revenge of the Sith,2005,7.6,68.0,628708
504,How I Met Your Mother,2005,8.3,,528342
505,Harry Potter and the Goblet of Fire,2005,7.7,81.0,478501
506,Prison Break,2005,8.4,,422792
507,Mr. & Mrs. Smith,2005,6.5,,409711
508,Charlie and the Chocolate Factory,2005,6.7,72.0,382721
509,War of the Worlds,2005,6.5,73.0,382358
510,King Kong,2005,7.2,81.0,361574
511,The 40 Year Old Virgin,2005,7.1,73.0,357675
512,Supernatural,2005,8.5,,345774
513,"The Chronicles of Narnia: The Lion, the Witch and the Wardrobe",2005,6.9,75.0,334831
514,Madagascar,2005,6.9,,323945
515,Wedding Crashers,2005,7.0,64.0,310828
516,Brokeback Mountain,2005,7.7,87.0,295425
517,Fantastic Four,2005,5.7,,293641
518,The Island,2005,6.9,,286012
519,The Office,2005,8.8,,282743
520,Lord of War,2005,7.6,62.0,274866
521,Hitch,2005,6.6,,274684
522,Constantine,2005,7.0,,272984
523,Serenity,2005,7.9,74.0,267252
524,Kingdom of Heaven,2005,7.2,63.0,247421
525,Pride & Prejudice,2005,7.8,82.0,227406
526,Corpse Bride,2005,7.4,83.0,220470
527,Saw II,2005,6.6,,215066
528,Walk the Line,2005,7.9,72.0,209943
529,A History of Violence,2005,7.5,81.0,208502
530,Grey's Anatomy,2005,7.6,,206658
531,Thank You for Smoking,2005,7.6,71.0,204700
532,Kiss Kiss Bang Bang,2005,7.6,72.0,200301
533,Munich,2005,7.6,74.0,196713
534,Match Point,2005,7.6,72.0,189078
535,The Descent,2005,7.2,71.0,181892
536,Doctor Who,2005,8.7,,181375
537,Transporter 2,2005,6.3,,177571
538,The Hitchhiker's Guide to the Galaxy,2005,6.8,63.0,175716
539,It's Always Sunny in Philadelphia,2005,8.7,,167191
540,Cinderella Man,2005,8.0,69.0,164951
541,Jarhead,2005,7.0,,160379
542,Hostel,2005,5.9,,156923
543,The Longest Yard,2005,6.4,,148468
544,Hard Candy,2005,7.1,,145428
545,Flightplan,2005,6.3,,141875
546,Rome,2005,8.8,,137997
547,Criminal Minds,2005,8.1,,135595
548,Hooligans,2005,7.5,,132405
549,Memoirs of a Geisha,2005,7.4,,130428
550,Batman Begins,2005,8.3,70.0,1171391
551,V for Vendetta,2005,8.2,62.0,938585
552,Sin City,2005,8.0,74.0,710505
553,Star Wars: Episode III - Revenge of the Sith,2005,7.6,68.0,628708
554,How I Met Your Mother,2005,8.3,,528342
555,Harry Potter and the Goblet of Fire,2005,7.7,81.0,478501
556,Prison Break,2005,8.4,,422792
557,Mr. & Mrs. Smith,2005,6.5,,409711
558,Charlie and the Chocolate Factory,2005,6.7,72.0,382721
559,War of the Worlds,2005,6.5,73.0,382358
560,King Kong,2005,7.2,81.0,361574
561,The 40 Year Old Virgin,2005,7.1,73.0,357675
562,Supernatural,2005,8.5,,345774
563,"The Chronicles of Narnia: The Lion, the Witch and the Wardrobe",2005,6.9,75.0,334831
564,Madagascar,2005,6.9,,323945
565,Wedding Crashers,2005,7.0,64.0,310828
566,Brokeback Mountain,2005,7.7,87.0,295425
567,Fantastic Four,2005,5.7,,293641
568,The Island,2005,6.9,,286012
569,The Office,2005,8.8,,282743
570,Lord of War,2005,7.6,62.0,274866
571,Hitch,2005,6.6,,274684
572,Constantine,2005,7.0,,272984
573,Serenity,2005,7.9,74.0,267252
574,Kingdom of Heaven,2005,7.2,63.0,247421
575,Pride & Prejudice,2005,7.8,82.0,227406
576,Corpse Bride,2005,7.4,83.0,220470
577,Saw II,2005,6.6,,215066
578,Walk the Line,2005,7.9,72.0,209943
579,A History of Violence,2005,7.5,81.0,208502
580,Grey's Anatomy,2005,7.6,,206658
581,Thank You for Smoking,2005,7.6,71.0,204700
582,Kiss Kiss Bang Bang,2005,7.6,72.0,200301
583,Munich,2005,7.6,74.0,196713
584,Match Point,2005,7.6,72.0,189078
585,The Descent,2005,7.2,71.0,181892
586,Doctor Who,2005,8.7,,181375
587,Transporter 2,2005,6.3,,177571
588,The Hitchhiker's Guide to the Galaxy,2005,6.8,63.0,175716
589,It's Always Sunny in Philadelphia,2005,8.7,,167191
590,Cinderella Man,2005,8.0,69.0,164951
591,Jarhead,2005,7.0,,160379
592,Hostel,2005,5.9,,156923
593,The Longest Yard,2005,6.4,,148468
594,Hard Candy,2005,7.1,,145428
595,Flightplan,2005,6.3,,141875
596,Rome,2005,8.8,,137997
597,Criminal Minds,2005,8.1,,135595
598,Hooligans,2005,7.5,,132405
599,Memoirs of a Geisha,2005,7.4,,130428
600,The Departed,2006,8.5,85.0,1054865
601,The Prestige,2006,8.5,66.0,1043786
602,300,2006,7.7,,683430
603,The Big Bang Theory,2007,8.2,,631620
604,Pirates of the Caribbean: Dead Man's Chest,2006,7.3,,604556
605,Dexter,2006,8.7,,588327
606,Pan's Labyrinth,2006,8.2,98.0,563084
607,Casino Royale,2006,8.0,80.0,532617
608,Blood Diamond,2006,8.0,64.0,457064
609,X-Men: The Last Stand,2006,6.7,,444316
610,Children of Men,2006,7.9,84.0,423783
611,Little Miss Sunshine,2006,7.8,80.0,404340
612,The Pursuit of Happyness,2006,8.0,64.0,399064
613,The Da Vinci Code,2006,6.6,,366721
614,The Illusionist,2006,7.6,68.0,334017
615,The Devil Wears Prada,2006,6.9,62.0,333742
616,Borat: Cultural Learnings of America for Make Benefit Glorious Nation of Kazakhstan,2006,7.3,89.0,328813
617,Cars,2006,7.1,73.0,321039
618,The Lives of Others,2006,8.4,89.0,316465
619,Inside Man,2006,7.6,76.0,310135
620,Mission: Impossible III,2006,6.9,66.0,301831
621,Lucky Number Slevin,2006,7.8,,286335
622,Night at the Museum,2006,6.4,,281740
623,Click,2006,6.4,,279557
624,Deja Vu,2006,7.1,,272861
625,Babel,2006,7.5,69.0,270695
626,Apocalypto,2006,7.8,68.0,267667
627,Superman Returns,2006,6.1,72.0,258606
628,Ice Age: The Meltdown,2006,6.8,,230448
629,Crank,2006,7.0,,219412
630,The Holiday,2006,6.9,,217591
631,Heroes,2006,7.6,,216905
632,Perfume: The Story of a Murderer,2006,7.5,,216838
633,The Fast and the Furious: Tokyo Drift,2006,6.0,,215194
634,The Fountain,2006,7.3,,214427
635,Stranger Than Fiction,2006,7.6,67.0,205208
636,Silent Hill,2006,6.6,,200398
637,Rocky Balboa,2006,7.2,63.0,187227
638,Underworld: Evolution,2006,6.7,,178163
639,Death Note: Desu nôto,2006,9.0,,174869
640,Saw III,2006,6.2,,164153
641,The Last King of Scotland,2006,7.7,74.0,163662
642,Happy Feet,2006,6.5,77.0,155275
643,Talladega Nights: The Ballad of Ricky Bobby,2006,6.6,66.0,151324
644,The Hills Have Eyes,2006,6.4,,147193
645,Over the Hedge,2006,6.7,67.0,145380
646,Letters from Iwo Jima,2006,7.9,89.0,145116
647,Planet Earth,2006,9.4,,142671
648,She's the Man,2006,6.4,,134957
649,Smokin' Aces,2006,6.7,,130573
650,The Departed,2006,8.5,85.0,1054865
651,The Prestige,2006,8.5,66.0,1043786
652,300,2006,7.7,,683430
653,The Big Bang Theory,2007,8.2,,631620
654,Pirates of the Caribbean: Dead Man's Chest,2006,7.3,,604556
655,Dexter,2006,8.7,,588327
656,Pan's Labyrinth,2006,8.2,98.0,563084
657,Casino Royale,2006,8.0,80.0,532617
658,Blood Diamond,2006,8.0,64.0,457064
659,X-Men: The Last Stand,2006,6.7,,444316
660,Children of Men,2006,7.9,84.0,423783
661,Little Miss Sunshine,2006,7.8,80.0,404340
662,The Pursuit of Happyness,2006,8.0,64.0,399064
663,The Da Vinci Code,2006,6.6,,366721
664,The Illusionist,2006,7.6,68.0,334017
665,The Devil Wears Prada,2006,6.9,62.0,333742
666,Borat: Cultural Learnings of America for Make Benefit Glorious Nation of Kazakhstan,2006,7.3,89.0,328813
667,Cars,2006,7.1,73.0,321039
668,The Lives of Others,2006,8.4,89.0,316465
669,Inside Man,2006,7.6,76.0,310135
670,Mission: Impossible III,2006,6.9,66.0,301831
671,Lucky Number Slevin,2006,7.8,,286335
672,Night at the Museum,2006,6.4,,281740
673,Click,2006,6.4,,279557
674,Deja Vu,2006,7.1,,272861
675,Babel,2006,7.5,69.0,270695
676,Apocalypto,2006,7.8,68.0,267667
677,Superman Returns,2006,6.1,72.0,258606
678,Ice Age: The Meltdown,2006,6.8,,230448
679,Crank,2006,7.0,,219412
680,The Holiday,2006,6.9,,217591
681,Heroes,2006,7.6,,216905
682,Perfume: The Story of a Murderer,2006,7.5,,216838
683,The Fast and the Furious: Tokyo Drift,2006,6.0,,215194
684,The Fountain,2006,7.3,,214427
685,Stranger Than Fiction,2006,7.6,67.0,205208
686,Silent Hill,2006,6.6,,200398
687,Rocky Balboa,2006,7.2,63.0,187227
688,Underworld: Evolution,2006,6.7,,178163
689,Death Note: Desu nôto,2006,9.0,,174869
690,Saw III,2006,6.2,,164153
691,The Last King of Scotland,2006,7.7,74.0,163662
692,Happy Feet,2006,6.5,77.0,155275
693,Talladega Nights: The Ballad of Ricky Bobby,2006,6.6,66.0,151324
694,The Hills Have Eyes,2006,6.4,,147193
695,Over the Hedge,2006,6.7,67.0,145380
696,Letters from Iwo Jima,2006,7.9,89.0,145116
697,Planet Earth,2006,9.4,,142671
698,She's the Man,2006,6.4,,134957
699,Smokin' Aces,2006,6.7,,130573
700,No Country for Old Men,2007,8.1,91.0,752739
701,I Am Legend,2007,7.2,65.0,624229
702,The Bourne Ultimatum,2007,8.0,85.0,575228
703,Ratatouille,2007,8.0,96.0,566104
704,Transformers,2007,7.1,61.0,564269
705,Pirates of the Caribbean: At World's End,2007,7.1,,548640
706,Into the Wild,2007,8.1,73.0,516918
707,Superbad,2007,7.6,76.0,476320
708,Juno,2007,7.5,81.0,460896
709,There Will Be Blood,2007,8.2,93.0,455644
710,Spider-Man 3,2007,6.2,,451941
711,Harry Potter and the Order of the Phoenix,2007,7.5,71.0,443705
712,Hot Fuzz,2007,7.9,81.0,418254
713,Zodiac,2007,7.7,78.0,382232
714,Live Free or Die Hard,2007,7.1,69.0,367903
715,American Gangster,2007,7.8,76.0,362281
716,Knocked Up,2007,7.0,85.0,328166
717,Sweeney Todd: The Demon Barber of Fleet Street,2007,7.4,83.0,318528
718,Ocean's Thirteen,2007,6.9,62.0,293708
719,Shooter,2007,7.2,,288331
720,The Simpsons Movie,2007,7.3,80.0,288308
721,3:10 to Yuma,2007,7.7,76.0,266913
722,The Mist,2007,7.2,,257019
723,Shrek the Third,2007,6.1,,250037
724,Death Proof,2007,7.0,,240007
725,1408,2007,6.8,64.0,239015
726,28 Weeks Later,2007,7.0,78.0,238981
727,Stardust,2007,7.7,66.0,236870
728,4: Rise of the Silver Surfer,2007,5.6,,235957
729,Gone Baby Gone,2007,7.7,72.0,230347
730,Atonement,2007,7.8,85.0,225195
731,Sunshine,2007,7.3,64.0,217310
732,Eastern Promises,2007,7.7,82.0,211952
733,The Bucket List,2007,7.4,,211358
734,Ghost Rider,2007,5.2,,206599
735,Paranormal Activity,2007,6.3,68.0,205966
736,Disturbia,2007,6.9,62.0,205476
737,National Treasure: Book of Secrets,2007,6.5,,203189
738,P.S. I Love You,2007,7.1,,189762
739,Planet Terror,2007,7.1,,186340
740,The Number 23,2007,6.4,,182915
741,Mad Men,2007,8.6,,175902
742,Resident Evil: Extinction,2007,6.3,,171237
743,Grindhouse,2007,7.6,77.0,168360
744,Fracture,2007,7.2,68.0,166765
745,The Golden Compass,2007,6.1,,165839
746,Enchanted,2007,7.1,75.0,163221
747,The Darjeeling Limited,2007,7.2,67.0,162991
748,Californication,2007,8.3,,161936
749,The Man from Earth,2007,7.9,,158160
750,No Country for Old Men,2007,8.1,91.0,752739
751,I Am Legend,2007,7.2,65.0,624229
752,The Bourne Ultimatum,2007,8.0,85.0,575228
753,Ratatouille,2007,8.0,96.0,566104
754,Transformers,2007,7.1,61.0,564269
755,Pirates of the Caribbean: At World's End,2007,7.1,,548640
756,Into the Wild,2007,8.1,73.0,516918
757,Superbad,2007,7.6,76.0,476320
758,Juno,2007,7.5,81.0,460896
759,There Will Be Blood,2007,8.2,93.0,455644
760,Spider-Man 3,2007,6.2,,451941
761,Harry Potter and the Order of the Phoenix,2007,7.5,71.0,443705
762,Hot Fuzz,2007,7.9,81.0,418254
763,Zodiac,2007,7.7,78.0,382232
764,Live Free or Die Hard,2007,7.1,69.0,367903
765,American Gangster,2007,7.8,76.0,362281
766,Knocked Up,2007,7.0,85.0,328166
767,Sweeney Todd: The Demon Barber of Fleet Street,2007,7.4,83.0,318528
768,Ocean's Thirteen,2007,6.9,62.0,293708
769,Shooter,2007,7.2,,288331
770,The Simpsons Movie,2007,7.3,80.0,288308
771,3:10 to Yuma,2007,7.7,76.0,266913
772,The Mist,2007,7.2,,257019
773,Shrek the Third,2007,6.1,,250037
774,Death Proof,2007,7.0,,240007
775,1408,2007,6.8,64.0,239015
776,28 Weeks Later,2007,7.0,78.0,238981
777,Stardust,2007,7.7,66.0,236870
778,4: Rise of the Silver Surfer,2007,5.6,,235957
779,Gone Baby Gone,2007,7.7,72.0,230347
780,Atonement,2007,7.8,85.0,225195
781,Sunshine,2007,7.3,64.0,217310
782,Eastern Promises,2007,7.7,82.0,211952
783,The Bucket List,2007,7.4,,211358
784,Ghost Rider,2007,5.2,,206599
785,Paranormal Activity,2007,6.3,68.0,205966
786,Disturbia,2007,6.9,62.0,205476
787,National Treasure: Book of Secrets,2007,6.5,,203189
788,P.S. I Love You,2007,7.1,,189762
789,Planet Terror,2007,7.1,,186340
790,The Number 23,2007,6.4,,182915
791,Mad Men,2007,8.6,,175902
792,Resident Evil: Extinction,2007,6.3,,171237
793,Grindhouse,2007,7.6,77.0,168360
794,Fracture,2007,7.2,68.0,166765
795,The Golden Compass,2007,6.1,,165839
796,Enchanted,2007,7.1,75.0,163221
797,The Darjeeling Limited,2007,7.2,67.0,162991
798,Californication,2007,8.3,,161936
799,The Man from Earth,2007,7.9,,158160
800,The Dark Knight,2008,9.0,84.0,2020298
801,Breaking Bad,2008,9.5,,1159103
802,WALL·E,2008,8.4,95.0,887059
803,Iron Man,2008,7.9,79.0,833410
804,Slumdog Millionaire,2008,8.0,86.0,737092
805,Gran Torino,2008,8.1,72.0,660559
806,Taken,2008,7.8,,533575
807,The Curious Case of Benjamin Button,2008,7.8,70.0,531326
808,Hancock,2008,6.4,,404972
809,Twilight,2008,5.2,,388675
810,The Incredible Hulk,2008,6.8,61.0,387633
811,The Hurt Locker,2008,7.6,94.0,386666
812,Indiana Jones and the Kingdom of the Crystal Skull,2008,6.2,65.0,386439
813,Quantum of Solace,2008,6.6,,373216
814,Kung Fu Panda,2008,7.6,73.0,372488
815,In Bruges,2008,7.9,67.0,356760
816,Tropic Thunder,2008,7.0,71.0,347344
817,Cloverfield,2008,7.0,64.0,347056
818,Wanted,2008,6.7,64.0,335979
819,Yes Man,2008,6.8,,306892
820,Pineapple Express,2008,7.0,64.0,289019
821,Burn After Reading,2008,7.0,63.0,283739
822,The Wrestler,2008,7.9,81.0,275205
823,Jumper,2008,6.1,,268993
824,Seven Pounds,2008,7.6,,264952
825,Forgetting Sarah Marshall,2008,7.2,67.0,244595
826,Step Brothers,2008,6.9,,243106
827,Hellboy II: The Golden Army,2008,7.0,78.0,236112
828,Sons of Anarchy,2008,8.6,,226249
829,Vicky Cristina Barcelona,2008,7.1,70.0,225168
830,Changeling,2008,7.7,63.0,221065
831,RocknRolla,2008,7.3,,217462
832,True Blood,2008,7.9,,217382
833,The Reader,2008,7.6,,215464
834,21,2008,6.8,,211342
835,Valkyrie,2008,7.1,,211237
836,Role Models,2008,6.9,61.0,209788
837,Fringe,2008,8.4,,204216
838,Rambo,2008,7.0,,199390
839,Body of Lies,2008,7.1,,196979
840,Yip Man,2008,8.0,,193982
841,Låt den rätte komma in,2008,7.9,82.0,193157
842,Get Smart,2008,6.5,,187975
843,Mamma Mia!,2008,6.4,,187971
844,Death Race,2008,6.4,,185759
845,The Happening,2008,5.0,,184319
846,Madagascar: Escape 2 Africa,2008,6.7,61.0,178943
847,The Chronicles of Narnia: Prince Caspian,2008,6.5,62.0,176120
848,Revolutionary Road,2008,7.3,69.0,175467
849,You Don't Mess with the Zohan,2008,5.5,,175208
850,The Dark Knight,2008,9.0,84.0,2020298
851,Breaking Bad,2008,9.5,,1159103
852,WALL·E,2008,8.4,95.0,887059
853,Iron Man,2008,7.9,79.0,833410
854,Slumdog Millionaire,2008,8.0,86.0,737092
855,Gran Torino,2008,8.1,72.0,660559
856,Taken,2008,7.8,,533575
857,The Curious Case of Benjamin Button,2008,7.8,70.0,531326
858,Hancock,2008,6.4,,404972
859,Twilight,2008,5.2,,388675
860,The Incredible Hulk,2008,6.8,61.0,387633
861,The Hurt Locker,2008,7.6,94.0,386666
862,Indiana Jones and the Kingdom of the Crystal Skull,2008,6.2,65.0,386439
863,Quantum of Solace,2008,6.6,,373216
864,Kung Fu Panda,2008,7.6,73.0,372488
865,In Bruges,2008,7.9,67.0,356760
866,Tropic Thunder,2008,7.0,71.0,347344
867,Cloverfield,2008,7.0,64.0,347056
868,Wanted,2008,6.7,64.0,335979
869,Yes Man,2008,6.8,,306892
870,Pineapple Express,2008,7.0,64.0,289019
871,Burn After Reading,2008,7.0,63.0,283739
872,The Wrestler,2008,7.9,81.0,275205
873,Jumper,2008,6.1,,268993
874,Seven Pounds,2008,7.6,,264952
875,Forgetting Sarah Marshall,2008,7.2,67.0,244595
876,Step Brothers,2008,6.9,,243106
877,Hellboy II: The Golden Army,2008,7.0,78.0,236112
878,Sons of Anarchy,2008,8.6,,226249
879,Vicky Cristina Barcelona,2008,7.1,70.0,225168
880,Changeling,2008,7.7,63.0,221065
881,RocknRolla,2008,7.3,,217462
882,True Blood,2008,7.9,,217382
883,The Reader,2008,7.6,,215464
884,21,2008,6.8,,211342
885,Valkyrie,2008,7.1,,211237
886,Role Models,2008,6.9,61.0,209788
887,Fringe,2008,8.4,,204216
888,Rambo,2008,7.0,,199390
889,Body of Lies,2008,7.1,,196979
890,Yip Man,2008,8.0,,193982
891,Låt den rätte komma in,2008,7.9,82.0,193157
892,Get Smart,2008,6.5,,187975
893,Mamma Mia!,2008,6.4,,187971
894,Death Race,2008,6.4,,185759
895,The Happening,2008,5.0,,184319
896,Madagascar: Escape 2 Africa,2008,6.7,61.0,178943
897,The Chronicles of Narnia: Prince Caspian,2008,6.5,62.0,176120
898,Revolutionary Road,2008,7.3,69.0,175467
899,You Don't Mess with the Zohan,2008,5.5,,175208
900,Inglourious Basterds,2009,8.3,69.0,1095469
901,Avatar,2009,7.8,83.0,1025696
902,Up,2009,8.3,88.0,826985
903,The Hangover,2009,7.7,73.0,659826
904,District 9,2009,7.9,81.0,597305
905,Star Trek,2009,8.0,82.0,552500
906,Sherlock Holmes,2009,7.6,,542056
907,Zombieland,2009,7.6,73.0,450316
908,Watchmen,2009,7.6,,448305
909,(500) Days of Summer,2009,7.7,76.0,435020
910,X-Men Origins: Wolverine,2009,6.6,,428469
911,Harry Potter and the Half-Blood Prince,2009,7.6,78.0,408649
912,Transformers: Revenge of the Fallen,2009,6.0,,360951
913,2012,2009,5.8,,323441
914,Terminator Salvation,2009,6.6,,316720
915,Moon,2009,7.9,67.0,308043
916,Modern Family,2009,8.4,,306167
917,Up in the Air,2009,7.4,83.0,297985
918,3 Idiots,2009,8.4,67.0,292171
919,The Proposal,2009,6.7,,268055
920,The Blind Side,2009,7.7,,262638
921,The Vampire Diaries,2009,7.7,,258734
922,Public Enemies,2009,7.0,70.0,258567
923,Law Abiding Citizen,2009,7.4,,249068
924,Angels & Demons,2009,6.7,,248786
925,The Twilight Saga: New Moon,2009,4.7,,245496
926,Fast & Furious,2009,6.6,,238711
927,Hachi: A Dog's Tale,2009,8.1,,218217
928,Knowing,2009,6.2,,206858
929,The Road,2009,7.3,64.0,204685
930,Ice Age: Dawn of the Dinosaurs,2009,7.0,,199482
931,Män som hatar kvinnor,2009,7.8,76.0,195787
932,Mr. Nobody,2009,7.8,63.0,193670
933,G.I. Joe: The Rise of Cobra,2009,5.8,,189762
934,The Ugly Truth,2009,6.5,,187398
935,"I Love You, Man",2009,7.0,70.0,183933
936,Cloudy with a Chance of Meatballs,2009,7.0,66.0,182670
937,Coraline,2009,7.7,80.0,176052
938,Drag Me to Hell,2009,6.6,83.0,175315
939,Fantastic Mr. Fox,2009,7.9,83.0,173546
940,Orphan,2009,7.0,,172485
941,Community,2009,8.5,,171315
942,The Taking of Pelham 123,2009,6.4,,170839
943,El secreto de sus ojos,2009,8.2,80.0,169811
944,Parks and Recreation,2009,8.6,,169776
945,17 Again,2009,6.4,,164715
946,Surrogates,2009,6.3,,162305
947,Night at the Museum: Battle of the Smithsonian,2009,6.0,,157650
948,Mary and Max,2009,8.1,,148603
949,He's Just Not That Into You,2009,6.4,,148114
950,Inglourious Basterds,2009,8.3,69.0,1095469
951,Avatar,2009,7.8,83.0,1025696
952,Up,2009,8.3,88.0,826985
953,The Hangover,2009,7.7,73.0,659826
954,District 9,2009,7.9,81.0,597305
955,Star Trek,2009,8.0,82.0,552500
956,Sherlock Holmes,2009,7.6,,542056
957,Zombieland,2009,7.6,73.0,450316
958,Watchmen,2009,7.6,,448305
959,(500) Days of Summer,2009,7.7,76.0,435020
960,X-Men Origins: Wolverine,2009,6.6,,428469
961,Harry Potter and the Half-Blood Prince,2009,7.6,78.0,408649
962,Transformers: Revenge of the Fallen,2009,6.0,,360951
963,2012,2009,5.8,,323441
964,Terminator Salvation,2009,6.6,,316720
965,Moon,2009,7.9,67.0,308043
966,Modern Family,2009,8.4,,306167
967,Up in the Air,2009,7.4,83.0,297985
968,3 Idiots,2009,8.4,67.0,292171
969,The Proposal,2009,6.7,,268055
970,The Blind Side,2009,7.7,,262638
971,The Vampire Diaries,2009,7.7,,258734
972,Public Enemies,2009,7.0,70.0,258567
973,Law Abiding Citizen,2009,7.4,,249068
974,Angels & Demons,2009,6.7,,248786
975,The Twilight Saga: New Moon,2009,4.7,,245496
976,Fast & Furious,2009,6.6,,238711
977,Hachi: A Dog's Tale,2009,8.1,,218217
978,Knowing,2009,6.2,,206858
979,The Road,2009,7.3,64.0,204685
980,Ice Age: Dawn of the Dinosaurs,2009,7.0,,199482
981,Män som hatar kvinnor,2009,7.8,76.0,195787
982,Mr. Nobody,2009,7.8,63.0,193670
983,G.I. Joe: The Rise of Cobra,2009,5.8,,189762
984,The Ugly Truth,2009,6.5,,187398
985,"I Love You, Man",2009,7.0,70.0,183933
986,Cloudy with a Chance of Meatballs,2009,7.0,66.0,182670
987,Coraline,2009,7.7,80.0,176052
988,Drag Me to Hell,2009,6.6,83.0,175315
989,Fantastic Mr. Fox,2009,7.9,83.0,173546
990,Orphan,2009,7.0,,172485
991,Community,2009,8.5,,171315
992,The Taking of Pelham 123,2009,6.4,,170839
993,El secreto de sus ojos,2009,8.2,80.0,169811
994,Parks and Recreation,2009,8.6,,169776
995,17 Again,2009,6.4,,164715
996,Surrogates,2009,6.3,,162305
997,Night at the Museum: Battle of the Smithsonian,2009,6.0,,157650
998,Mary and Max,2009,8.1,,148603
999,He's Just Not That Into You,2009,6.4,,148114
1000,Inception,2010,8.8,74.0,1799695
1001,Shutter Island,2010,8.1,63.0,983982
1002,The Walking Dead,2010,8.3,,771362
1003,Sherlock,2010,9.2,,684885
1004,Toy Story 3,2010,8.3,92.0,667157
1005,Black Swan,2010,8.0,79.0,638580
1006,Iron Man 2,2010,7.0,,633681
1007,How to Train Your Dragon,2010,8.1,74.0,595638
1008,The King's Speech,2010,8.0,88.0,584869
1009,The Social Network,2010,7.7,95.0,560871
1010,Kick-Ass,2010,7.6,66.0,491089
1011,Despicable Me,2010,7.7,72.0,456440
1012,Harry Potter and the Deathly Hallows: Part 1,2010,7.7,65.0,415351
1013,Tangled,2010,7.8,71.0,358425
1014,Alice in Wonderland,2010,6.5,,353451
1015,Scott Pilgrim vs. the World,2010,7.5,69.0,331928
1016,Easy A,2010,7.1,72.0,324718
1017,127 Hours,2010,7.6,82.0,319032
1018,The Town,2010,7.6,74.0,318372
1019,The Fighter,2010,7.8,79.0,312613
1020,The Expendables,2010,6.5,,304315
1021,Due Date,2010,6.6,,300267
1022,Tron,2010,6.8,,292660
1023,True Grit,2010,7.6,80.0,279638
1024,Salt,2010,6.4,65.0,274457
1025,RED,2010,7.1,,268487
1026,The Book of Eli,2010,6.9,,267072
1027,Clash of the Titans,2010,5.8,,253262
1028,Prince of Persia: The Sands of Time,2010,6.6,,251286
1029,Insidious,2010,6.9,,249062
1030,Robin Hood,2010,6.7,,236953
1031,The A-Team,2010,6.8,,233044
1032,The Other Guys,2010,6.7,64.0,218263
1033,The Twilight Saga: Eclipse,2010,5.0,,208612
1034,Grown Ups,2010,6.0,,207311
1035,The Tourist,2010,6.0,,204038
1036,Megamind,2010,7.3,63.0,203939
1037,Spartacus: Blood and Sand,2010,8.5,,201831
1038,Predators,2010,6.4,,197026
1039,Machete,2010,6.6,,180656
1040,Unstoppable,2010,6.8,69.0,170865
1041,Knight and Day,2010,6.3,,168068
1042,Blue Valentine,2010,7.4,81.0,167676
1043,The Next Three Days,2010,7.4,,165338
1044,Love & Other Drugs,2010,6.7,,165204
1045,Shrek Forever After,2010,6.3,,163980
1046,Percy Jackson & the Olympians: The Lightning Thief,2010,5.9,,162846
1047,Get Him to the Greek,2010,6.4,65.0,160290
1048,Boardwalk Empire,2010,8.6,,157334
1049,Hot Tub Time Machine,2010,6.4,63.0,152544
1050,Inception,2010,8.8,74.0,1799695
1051,Shutter Island,2010,8.1,63.0,983982
1052,The Walking Dead,2010,8.3,,771362
1053,Sherlock,2010,9.2,,684885
1054,Toy Story 3,2010,8.3,92.0,667157
1055,Black Swan,2010,8.0,79.0,638580
1056,Iron Man 2,2010,7.0,,633681
1057,How to Train Your Dragon,2010,8.1,74.0,595638
1058,The King's Speech,2010,8.0,88.0,584869
1059,The Social Network,2010,7.7,95.0,560871
1060,Kick-Ass,2010,7.6,66.0,491089
1061,Despicable Me,2010,7.7,72.0,456440
1062,Harry Potter and the Deathly Hallows: Part 1,2010,7.7,65.0,415351
1063,Tangled,2010,7.8,71.0,358425
1064,Alice in Wonderland,2010,6.5,,353451
1065,Scott Pilgrim vs. the World,2010,7.5,69.0,331928
1066,Easy A,2010,7.1,72.0,324718
1067,127 Hours,2010,7.6,82.0,319032
1068,The Town,2010,7.6,74.0,318372
1069,The Fighter,2010,7.8,79.0,312613
1070,The Expendables,2010,6.5,,304315
1071,Due Date,2010,6.6,,300267
1072,Tron,2010,6.8,,292660
1073,True Grit,2010,7.6,80.0,279638
1074,Salt,2010,6.4,65.0,274457
1075,RED,2010,7.1,,268487
1076,The Book of Eli,2010,6.9,,267072
1077,Clash of the Titans,2010,5.8,,253262
1078,Prince of Persia: The Sands of Time,2010,6.6,,251286
1079,Insidious,2010,6.9,,249062
1080,Robin Hood,2010,6.7,,236953
1081,The A-Team,2010,6.8,,233044
1082,The Other Guys,2010,6.7,64.0,218263
1083,The Twilight Saga: Eclipse,2010,5.0,,208612
1084,Grown Ups,2010,6.0,,207311
1085,The Tourist,2010,6.0,,204038
1086,Megamind,2010,7.3,63.0,203939
1087,Spartacus: Blood and Sand,2010,8.5,,201831
1088,Predators,2010,6.4,,197026
1089,Machete,2010,6.6,,180656
1090,Unstoppable,2010,6.8,69.0,170865
1091,Knight and Day,2010,6.3,,168068
1092,Blue Valentine,2010,7.4,81.0,167676
1093,The Next Three Days,2010,7.4,,165338
1094,Love & Other Drugs,2010,6.7,,165204
1095,Shrek Forever After,2010,6.3,,163980
1096,Percy Jackson & the Olympians: The Lightning Thief,2010,5.9,,162846
1097,Get Him to the Greek,2010,6.4,65.0,160290
1098,Boardwalk Empire,2010,8.6,,157334
1099,Hot Tub Time Machine,2010,6.4,63.0,152544
1100,Game of Thrones,2011,9.5,,1410281
1101,Harry Potter and the Deathly Hallows: Part 2,2011,8.1,87.0,678138
1102,The Intouchables,2011,8.5,,658670
1103,Thor,2011,7.0,,657742
1104,Captain America: The First Avenger,2011,6.9,66.0,637116
1105,X: First Class,2011,7.7,65.0,598227
1106,Drive,2011,7.8,78.0,513419
1107,Limitless,2011,7.4,,485122
1108,Rise of the Planet of the Apes,2011,7.6,68.0,467487
1109,Source Code,2011,7.5,74.0,445963
1110,Pirates of the Caribbean: On Stranger Tides,2011,6.6,,440411
1111,"Crazy, Stupid, Love.",2011,7.4,68.0,431726
1112,The Hangover Part II,2011,6.5,,426659
1113,Mission: Impossible - Ghost Protocol,2011,7.4,73.0,422185
1114,Warrior,2011,8.2,71.0,398258
1115,Horrible Bosses,2011,6.9,,394467
1116,Sherlock Holmes: A Game of Shadows,2011,7.5,,388729
1117,The Help,2011,8.1,62.0,386064
1118,The Girl with the Dragon Tattoo,2011,7.8,71.0,382537
1119,Transformers: Dark of the Moon,2011,6.3,,362432
1120,Midnight in Paris,2011,7.7,81.0,351333
1121,In Time,2011,6.7,,342101
1122,The Cabin in the Woods,2011,7.0,72.0,332792
1123,Fast Five,2011,7.3,66.0,325713
1124,Moneyball,2011,7.6,87.0,321309
1125,Suits,2011,8.6,,318762
1126,Super 8,2011,7.0,72.0,317641
1127,Friends with Benefits,2011,6.6,63.0,312923
1128,50/50,2011,7.7,72.0,297692
1129,Black Mirror,2011,8.9,,290549
1130,Hugo,2011,7.5,83.0,281439
1131,Real Steel,2011,7.1,,281175
1132,Homeland,2011,8.3,,274668
1133,Green Lantern,2011,5.5,,249257
1134,Bridesmaids,2011,6.8,75.0,246487
1135,American Horror Story,2011,8.1,,245368
1136,Unknown,2011,6.9,,233045
1137,The Grey,2011,6.8,64.0,226513
1138,The Adjustment Bureau,2011,7.1,,225023
1139,Kung Fu Panda 2,2011,7.2,67.0,223198
1140,The Descendants,2011,7.3,84.0,221929
1141,Paul,2011,7.0,,217708
1142,Sucker Punch,2011,6.1,,216304
1143,I Am Number Four,2011,6.1,,215514
1144,The Artist,2011,7.9,89.0,215060
1145,Rango,2011,7.2,75.0,212441
1146,The Ides of March,2011,7.1,67.0,205955
1147,The Twilight Saga: Breaking Dawn - Part 1,2011,4.9,,205429
1148,The Adventures of Tintin,2011,7.3,68.0,200010
1149,Contagion,2011,6.6,70.0,199426
1150,Game of Thrones,2011,9.5,,1410281
1151,Harry Potter and the Deathly Hallows: Part 2,2011,8.1,87.0,678138
1152,The Intouchables,2011,8.5,,658670
1153,Thor,2011,7.0,,657742
1154,Captain America: The First Avenger,2011,6.9,66.0,637116
1155,X: First Class,2011,7.7,65.0,598227
1156,Drive,2011,7.8,78.0,513419
1157,Limitless,2011,7.4,,485122
1158,Rise of the Planet of the Apes,2011,7.6,68.0,467487
1159,Source Code,2011,7.5,74.0,445963
1160,Pirates of the Caribbean: On Stranger Tides,2011,6.6,,440411
1161,"Crazy, Stupid, Love.",2011,7.4,68.0,431726
1162,The Hangover Part II,2011,6.5,,426659
1163,Mission: Impossible - Ghost Protocol,2011,7.4,73.0,422185
1164,Warrior,2011,8.2,71.0,398258
1165,Horrible Bosses,2011,6.9,,394467
1166,Sherlock Holmes: A Game of Shadows,2011,7.5,,388729
1167,The Help,2011,8.1,62.0,386064
1168,The Girl with the Dragon Tattoo,2011,7.8,71.0,382537
1169,Transformers: Dark of the Moon,2011,6.3,,362432
1170,Midnight in Paris,2011,7.7,81.0,351333
1171,In Time,2011,6.7,,342101
1172,The Cabin in the Woods,2011,7.0,72.0,332792
1173,Fast Five,2011,7.3,66.0,325713
1174,Moneyball,2011,7.6,87.0,321309
1175,Suits,2011,8.6,,318762
1176,Super 8,2011,7.0,72.0,317641
1177,Friends with Benefits,2011,6.6,63.0,312923
1178,50/50,2011,7.7,72.0,297692
1179,Black Mirror,2011,8.9,,290549
1180,Hugo,2011,7.5,83.0,281439
1181,Real Steel,2011,7.1,,281175
1182,Homeland,2011,8.3,,274668
1183,Green Lantern,2011,5.5,,249257
1184,Bridesmaids,2011,6.8,75.0,246487
1185,American Horror Story,2011,8.1,,245368
1186,Unknown,2011,6.9,,233045
1187,The Grey,2011,6.8,64.0,226513
1188,The Adjustment Bureau,2011,7.1,,225023
1189,Kung Fu Panda 2,2011,7.2,67.0,223198
1190,The Descendants,2011,7.3,84.0,221929
1191,Paul,2011,7.0,,217708
1192,Sucker Punch,2011,6.1,,216304
1193,I Am Number Four,2011,6.1,,215514
1194,The Artist,2011,7.9,89.0,215060
1195,Rango,2011,7.2,75.0,212441
1196,The Ides of March,2011,7.1,67.0,205955
1197,The Twilight Saga: Breaking Dawn - Part 1,2011,4.9,,205429
1198,The Adventures of Tintin,2011,7.3,68.0,200010
1199,Contagion,2011,6.6,70.0,199426
1200,The Dark Knight Rises,2012,8.4,78.0,1361582
1201,Django Unchained,2012,8.4,81.0,1184449
1202,The Avengers,2012,8.1,69.0,1149602
1203,The Hunger Games,2012,7.2,68.0,786116
1204,The Hobbit: An Unexpected Journey,2012,7.9,,712476
1205,Silver Linings Playbook,2012,7.7,81.0,613832
1206,Skyfall,2012,7.8,81.0,585725
1207,Prometheus,2012,7.0,64.0,532734
1208,Ted,2012,6.9,62.0,531643
1209,Argo,2012,7.7,86.0,527836
1210,Life of Pi,2012,7.9,79.0,525112
1211,The Amazing Spider-Man,2012,7.0,66.0,517059
1212,Looper,2012,7.4,84.0,493725
1213,21 Jump Street,2012,7.2,69.0,470883
1214,The Perks of Being a Wallflower,2012,8.0,67.0,416943
1215,Arrow,2012,7.7,,372994
1216,Wreck-It Ralph,2012,7.7,72.0,333746
1217,Brave,2012,7.1,69.0,331566
1218,Cloud Atlas,2012,7.4,,323136
1219,Men in Black 3,2012,6.8,,303926
1220,Flight,2012,7.3,76.0,299084
1221,Moonrise Kingdom,2012,7.8,84.0,287237
1222,Les Misérables,2012,7.6,63.0,282043
1223,Jack Reacher,2012,7.0,,280399
1224,The Expendables 2,2012,6.6,,274623
1225,Taken 2,2012,6.3,,269846
1226,The Bourne Legacy,2012,6.7,61.0,265306
1227,Snow White and the Huntsman,2012,6.1,,256075
1228,Pitch Perfect,2012,7.2,66.0,252198
1229,The Dictator,2012,6.4,,247085
1230,Zero Dark Thirty,2012,7.4,95.0,246991
1231,John Carter,2012,6.6,,236368
1232,Jagten,2012,8.3,77.0,235152
1233,Dredd,2012,7.1,,231902
1234,Chronicle,2012,7.1,69.0,227120
1235,Dark Shadows,2012,6.2,,226456
1236,Total Recall,2012,6.3,,225976
1237,Lincoln,2012,7.4,86.0,225938
1238,Battleship,2012,5.8,,223568
1239,The Place Beyond the Pines,2012,7.3,68.0,223386
1240,Seven Psychopaths,2012,7.2,66.0,220331
1241,The Twilight Saga: Breaking Dawn - Part 2,2012,5.5,,211917
1242,Lawless,2012,7.3,,211739
1243,End of Watch,2012,7.6,68.0,208785
1244,Hotel Transylvania,2012,7.1,,200964
1245,Sinister,2012,6.8,,194798
1246,American Reunion,2012,6.7,,189988
1247,Safe House,2012,6.8,,189707
1248,Project X,2012,6.7,,175731
1249,Lo imposible,2012,7.6,73.0,174458
1250,The Dark Knight Rises,2012,8.4,78.0,1361582
1251,Django Unchained,2012,8.4,81.0,1184449
1252,The Avengers,2012,8.1,69.0,1149602
1253,The Hunger Games,2012,7.2,68.0,786116
1254,The Hobbit: An Unexpected Journey,2012,7.9,,712476
1255,Silver Linings Playbook,2012,7.7,81.0,613832
1256,Skyfall,2012,7.8,81.0,585725
1257,Prometheus,2012,7.0,64.0,532734
1258,Ted,2012,6.9,62.0,531643
1259,Argo,2012,7.7,86.0,527836
1260,Life of Pi,2012,7.9,79.0,525112
1261,The Amazing Spider-Man,2012,7.0,66.0,517059
1262,Looper,2012,7.4,84.0,493725
1263,21 Jump Street,2012,7.2,69.0,470883
1264,The Perks of Being a Wallflower,2012,8.0,67.0,416943
1265,Arrow,2012,7.7,,372994
1266,Wreck-It Ralph,2012,7.7,72.0,333746
1267,Brave,2012,7.1,69.0,331566
1268,Cloud Atlas,2012,7.4,,323136
1269,Men in Black 3,2012,6.8,,303926
1270,Flight,2012,7.3,76.0,299084
1271,Moonrise Kingdom,2012,7.8,84.0,287237
1272,Les Misérables,2012,7.6,63.0,282043
1273,Jack Reacher,2012,7.0,,280399
1274,The Expendables 2,2012,6.6,,274623
1275,Taken 2,2012,6.3,,269846
1276,The Bourne Legacy,2012,6.7,61.0,265306
1277,Snow White and the Huntsman,2012,6.1,,256075
1278,Pitch Perfect,2012,7.2,66.0,252198
1279,The Dictator,2012,6.4,,247085
1280,Zero Dark Thirty,2012,7.4,95.0,246991
1281,John Carter,2012,6.6,,236368
1282,Jagten,2012,8.3,77.0,235152
1283,Dredd,2012,7.1,,231902
1284,Chronicle,2012,7.1,69.0,227120
1285,Dark Shadows,2012,6.2,,226456
1286,Total Recall,2012,6.3,,225976
1287,Lincoln,2012,7.4,86.0,225938
1288,Battleship,2012,5.8,,223568
1289,The Place Beyond the Pines,2012,7.3,68.0,223386
1290,Seven Psychopaths,2012,7.2,66.0,220331
1291,The Twilight Saga: Breaking Dawn - Part 2,2012,5.5,,211917
1292,Lawless,2012,7.3,,211739
1293,End of Watch,2012,7.6,68.0,208785
1294,Hotel Transylvania,2012,7.1,,200964
1295,Sinister,2012,6.8,,194798
1296,American Reunion,2012,6.7,,189988
1297,Safe House,2012,6.8,,189707
1298,Project X,2012,6.7,,175731
1299,Lo imposible,2012,7.6,73.0,174458
1300,The Wolf of Wall Street,2013,8.2,75.0,1010016
1301,Gravity,2013,7.7,96.0,696061
1302,Iron Man Three,2013,7.2,62.0,668687
1303,Man of Steel,2013,7.1,,636367
1304,The Hunger Games: Catching Fire,2013,7.5,76.0,567635
1305,12 Years a Slave,2013,8.1,96.0,565827
1306,The Hobbit: The Desolation of Smaug,2013,7.8,66.0,558271
1307,World War Z,2013,7.0,63.0,544762
1308,Now You See Me,2013,7.3,,544262
1309,Thor: The Dark World,2013,7.0,,519624
1310,Prisoners,2013,8.1,74.0,514497
1311,Frozen,2013,7.5,74.0,507325
1312,Her,2013,8.0,90.0,455554
1313,Oblivion,2013,7.0,,446764
1314,Star Trek Into Darkness,2013,7.7,72.0,441925
1315,Pacific Rim,2013,6.9,65.0,438244
1316,The Great Gatsby,2013,7.3,,425314
1317,House of Cards,2013,8.8,,422701
1318,American Hustle,2013,7.2,90.0,412847
1319,Dallas Buyers Club,2013,8.0,84.0,396291
1320,The Wolverine,2013,6.7,61.0,393240
1321,Elysium,2013,6.6,61.0,390269
1322,The Conjuring,2013,7.5,68.0,387033
1323,Rush,2013,8.1,75.0,385514
1324,Captain Phillips,2013,7.8,83.0,381462
1325,We're the Millers,2013,7.0,,366627
1326,This Is the End,2013,6.6,67.0,355770
1327,Furious 6,2013,7.1,61.0,342558
1328,Despicable Me 2,2013,7.4,62.0,338268
1329,Vikings,2013,8.6,,325207
1330,Monsters University,2013,7.3,65.0,286206
1331,The Secret Life of Walter Mitty,2013,7.3,,272149
1332,The Hangover Part III,2013,5.8,,265652
1333,About Time,2013,7.8,,254239
1334,Rick and Morty,2013,9.3,,252372
1335,Orange Is the New Black,2013,8.1,,249911
1336,Lone Survivor,2013,7.5,,243004
1337,Kick-Ass 2,2013,6.6,,234478
1338,Olympus Has Fallen,2013,6.5,,232239
1339,Snowpiercer,2013,7.1,84.0,231500
1340,The World's End,2013,7.0,81.0,228522
1341,Don Jon,2013,6.6,66.0,213885
1342,Ender's Game,2013,6.6,,209027
1343,Escape Plan,2013,6.7,,208685
1344,Warm Bodies,2013,6.9,,206619
1345,The Lone Ranger,2013,6.4,,206409
1346,Hannibal,2013,8.5,,198479
1347,Gangster Squad,2013,6.7,,193384
1348,Oz the Great and Powerful,2013,6.3,,190673
1349,White House Down,2013,6.4,,189213
1350,The Wolf of Wall Street,2013,8.2,75.0,1010016
1351,Gravity,2013,7.7,96.0,696061
1352,Iron Man Three,2013,7.2,62.0,668687
1353,Man of Steel,2013,7.1,,636367
1354,The Hunger Games: Catching Fire,2013,7.5,76.0,567635
1355,12 Years a Slave,2013,8.1,96.0,565827
1356,The Hobbit: The Desolation of Smaug,2013,7.8,66.0,558271
1357,World War Z,2013,7.0,63.0,544762
1358,Now You See Me,2013,7.3,,544262
1359,Thor: The Dark World,2013,7.0,,519624
1360,Prisoners,2013,8.1,74.0,514497
1361,Frozen,2013,7.5,74.0,507325
1362,Her,2013,8.0,90.0,455554
1363,Oblivion,2013,7.0,,446764
1364,Star Trek Into Darkness,2013,7.7,72.0,441925
1365,Pacific Rim,2013,6.9,65.0,438244
1366,The Great Gatsby,2013,7.3,,425314
1367,House of Cards,2013,8.8,,422701
1368,American Hustle,2013,7.2,90.0,412847
1369,Dallas Buyers Club,2013,8.0,84.0,396291
1370,The Wolverine,2013,6.7,61.0,393240
1371,Elysium,2013,6.6,61.0,390269
1372,The Conjuring,2013,7.5,68.0,387033
1373,Rush,2013,8.1,75.0,385514
1374,Captain Phillips,2013,7.8,83.0,381462
1375,We're the Millers,2013,7.0,,366627
1376,This Is the End,2013,6.6,67.0,355770
1377,Furious 6,2013,7.1,61.0,342558
1378,Despicable Me 2,2013,7.4,62.0,338268
1379,Vikings,2013,8.6,,325207
1380,Monsters University,2013,7.3,65.0,286206
1381,The Secret Life of Walter Mitty,2013,7.3,,272149
1382,The Hangover Part III,2013,5.8,,265652
1383,About Time,2013,7.8,,254239
1384,Rick and Morty,2013,9.3,,252372
1385,Orange Is the New Black,2013,8.1,,249911
1386,Lone Survivor,2013,7.5,,243004
1387,Kick-Ass 2,2013,6.6,,234478
1388,Olympus Has Fallen,2013,6.5,,232239
1389,Snowpiercer,2013,7.1,84.0,231500
1390,The World's End,2013,7.0,81.0,228522
1391,Don Jon,2013,6.6,66.0,213885
1392,Ender's Game,2013,6.6,,209027
1393,Escape Plan,2013,6.7,,208685
1394,Warm Bodies,2013,6.9,,206619
1395,The Lone Ranger,2013,6.4,,206409
1396,Hannibal,2013,8.5,,198479
1397,Gangster Squad,2013,6.7,,193384
1398,Oz the Great and Powerful,2013,6.3,,190673
1399,White House Down,2013,6.4,,189213
1400,Interstellar,2014,8.6,74.0,1260178
1401,Guardians of the Galaxy,2014,8.1,76.0,909491
1402,Gone Girl,2014,8.1,79.0,744839
1403,Captain America: The Winter Soldier,2014,7.8,70.0,637435
1404,The Grand Budapest Hotel,2014,8.1,88.0,620793
1405,X-Men: Days of Future Past,2014,8.0,75.0,607538
1406,The Imitation Game,2014,8.0,73.0,606173
1407,Whiplash,2014,8.5,88.0,596604
1408,Edge of Tomorrow,2014,7.9,71.0,536230
1409,Kingsman: The Secret Service,2014,7.7,,533512
1410,Birdman or (The Unexpected Virtue of Ignorance),2014,7.7,88.0,507863
1411,The Hobbit: The Battle of the Five Armies,2014,7.4,,431173
1412,True Detective,2014,9.0,,425849
1413,John Wick,2014,7.3,68.0,418218
1414,Ex Machina,2014,7.7,78.0,413878
1415,Lucy,2014,6.4,61.0,395561
1416,Nightcrawler,2014,7.9,76.0,394875
1417,American Sniper,2014,7.3,72.0,394677
1418,Divergent,2014,6.7,,394426
1419,Dawn of the Planet of the Apes,2014,7.6,79.0,384705
1420,The Amazing Spider-Man 2,2014,6.6,,380993
1421,The Maze Runner,2014,6.8,,380572
1422,Fury,2014,7.6,64.0,374610
1423,The Hunger Games: Mockingjay - Part 1,2014,6.7,64.0,371840
1424,Big Hero 6,2014,7.8,74.0,360441
1425,The Theory of Everything,2014,7.7,72.0,352366
1426,Godzilla,2014,6.4,62.0,342003
1427,22 Jump Street,2014,7.0,71.0,313884
1428,Boyhood,2014,7.9,100.0,312102
1429,The Fault in Our Stars,2014,7.7,69.0,309125
1430,Maleficent,2014,7.0,,299648
1431,The Lego Movie,2014,7.8,83.0,296822
1432,The Equalizer,2014,7.2,,295099
1433,The Interview,2014,6.5,,283203
1434,Transformers: Age of Extinction,2014,5.7,,279891
1435,The Flash,2014,7.9,,268593
1436,How to Train Your Dragon 2,2014,7.8,76.0,267510
1437,Fargo,2014,9.0,,263236
1438,Neighbors,2014,6.3,68.0,261764
1439,300: Rise of an Empire,2014,6.2,,259100
1440,Non-Stop,2014,7.0,,231725
1441,Noah,2014,5.8,68.0,226480
1442,Predestination,2014,7.5,69.0,220872
1443,RoboCop,2014,6.2,,203483
1444,Transcendence,2014,6.3,,202075
1445,Teenage Mutant Ninja Turtles,2014,5.8,,190561
1446,Gotham,2014,7.9,,188443
1447,It Follows,2014,6.8,83.0,177686
1448,Chef,2014,7.3,68.0,170468
1449,The 100,2014,7.8,,168486
1450,Interstellar,2014,8.6,74.0,1260178
1451,Guardians of the Galaxy,2014,8.1,76.0,909491
1452,Gone Girl,2014,8.1,79.0,744839
1453,Captain America: The Winter Soldier,2014,7.8,70.0,637435
1454,The Grand Budapest Hotel,2014,8.1,88.0,620793
1455,X-Men: Days of Future Past,2014,8.0,75.0,607538
1456,The Imitation Game,2014,8.0,73.0,606173
1457,Whiplash,2014,8.5,88.0,596604
1458,Edge of Tomorrow,2014,7.9,71.0,536230
1459,Kingsman: The Secret Service,2014,7.7,,533512
1460,Birdman or (The Unexpected Virtue of Ignorance),2014,7.7,88.0,507863
1461,The Hobbit: The Battle of the Five Armies,2014,7.4,,431173
1462,True Detective,2014,9.0,,425849
1463,John Wick,2014,7.3,68.0,418218
1464,Ex Machina,2014,7.7,78.0,413878
1465,Lucy,2014,6.4,61.0,395561
1466,Nightcrawler,2014,7.9,76.0,394875
1467,American Sniper,2014,7.3,72.0,394677
1468,Divergent,2014,6.7,,394426
1469,Dawn of the Planet of the Apes,2014,7.6,79.0,384705
1470,The Amazing Spider-Man 2,2014,6.6,,380993
1471,The Maze Runner,2014,6.8,,380572
1472,Fury,2014,7.6,64.0,374610
1473,The Hunger Games: Mockingjay - Part 1,2014,6.7,64.0,371840
1474,Big Hero 6,2014,7.8,74.0,360441
1475,The Theory of Everything,2014,7.7,72.0,352366
1476,Godzilla,2014,6.4,62.0,342003
1477,22 Jump Street,2014,7.0,71.0,313884
1478,Boyhood,2014,7.9,100.0,312102
1479,The Fault in Our Stars,2014,7.7,69.0,309125
1480,Maleficent,2014,7.0,,299648
1481,The Lego Movie,2014,7.8,83.0,296822
1482,The Equalizer,2014,7.2,,295099
1483,The Interview,2014,6.5,,283203
1484,Transformers: Age of Extinction,2014,5.7,,279891
1485,The Flash,2014,7.9,,268593
1486,How to Train Your Dragon 2,2014,7.8,76.0,267510
1487,Fargo,2014,9.0,,263236
1488,Neighbors,2014,6.3,68.0,261764
1489,300: Rise of an Empire,2014,6.2,,259100
1490,Non-Stop,2014,7.0,,231725
1491,Noah,2014,5.8,68.0,226480
1492,Predestination,2014,7.5,69.0,220872
1493,RoboCop,2014,6.2,,203483
1494,Transcendence,2014,6.3,,202075
1495,Teenage Mutant Ninja Turtles,2014,5.8,,190561
1496,Gotham,2014,7.9,,188443
1497,It Follows,2014,6.8,83.0,177686
1498,Chef,2014,7.3,68.0,170468
1499,The 100,2014,7.8,,168486
1500,Star Wars: Episode VII - The Force Awakens,2015,8.0,81.0,771423
1501,Mad Max: Fury Road,2015,8.1,90.0,761856
1502,The Martian,2015,8.0,80.0,661549
1503,Avengers: Age of Ultron,2015,7.4,66.0,630202
1504,The Revenant,2015,8.0,76.0,602477
1505,Jurassic World,2015,7.0,,529106
1506,Inside Out,2015,8.2,94.0,520847
1507,Ant-Man,2015,7.3,64.0,473856
1508,The Hateful Eight,2015,7.8,68.0,420700
1509,Spotlight,2015,8.1,93.0,354389
1510,Spectre,2015,6.8,,346864
1511,Furious Seven,2015,7.2,67.0,330634
1512,Daredevil,2015,8.7,,320734
1513,Sicario,2015,7.6,82.0,320261
1514,Mission: Impossible - Rogue Nation,2015,7.4,75.0,305140
1515,Room,2015,8.2,86.0,304092
1516,The Big Short,2015,7.8,81.0,300718
1517,Narcos,2015,8.8,,281157
1518,Fifty Shades of Grey,2015,4.1,,274536
1519,Mr. Robot,2015,8.6,,270682
1520,Bridge of Spies,2015,7.6,81.0,258279
1521,The Hunger Games: Mockingjay - Part 2,2015,6.6,65.0,244921
1522,Better Call Saul,2015,8.7,,239922
1523,The Man from U.N.C.L.E.,2015,7.3,,235879
1524,Terminator Genisys,2015,6.4,,229728
1525,Creed,2015,7.6,82.0,216168
1526,Spy,2015,7.0,75.0,210922
1527,Chappie,2015,6.8,,210578
1528,Maze Runner: The Scorch Trials,2015,6.3,,196515
1529,Southpaw,2015,7.4,,196268
1530,Insurgent,2015,6.2,,195908
1531,Minions,2015,6.4,,189476
1532,San Andreas,2015,6.1,,188621
1533,Focus,2015,6.6,,188547
1534,The Intern,2015,7.1,,187584
1535,Everest,2015,7.1,64.0,178261
1536,The Lobster,2015,7.1,82.0,173862
1537,Jessica Jones,2015,8.1,,168587
1538,Jupiter Ascending,2015,5.3,,164155
1539,Straight Outta Compton,2015,7.9,72.0,162665
1540,Ted 2,2015,6.3,,161732
1541,Tomorrowland,2015,6.4,,159378
1542,Black Mass,2015,6.9,68.0,153618
1543,The VVitch: A New-England Folktale,2015,6.8,83.0,147873
1544,The Danish Girl,2015,7.1,66.0,143138
1545,Cinderella,2015,6.9,67.0,138928
1546,Fantastic Four,2015,4.3,,137778
1547,Steve Jobs,2015,7.2,82.0,136188
1548,The Age of Adaline,2015,7.2,,135642
1549,Legend,2015,7.0,,135488
1550,Star Wars: Episode VII - The Force Awakens,2015,8.0,81.0,771423
1551,Mad Max: Fury Road,2015,8.1,90.0,761856
1552,The Martian,2015,8.0,80.0,661549
1553,Avengers: Age of Ultron,2015,7.4,66.0,630202
1554,The Revenant,2015,8.0,76.0,602477
1555,Jurassic World,2015,7.0,,529106
1556,Inside Out,2015,8.2,94.0,520847
1557,Ant-Man,2015,7.3,64.0,473856
1558,The Hateful Eight,2015,7.8,68.0,420700
1559,Spotlight,2015,8.1,93.0,354389
1560,Spectre,2015,6.8,,346864
1561,Furious Seven,2015,7.2,67.0,330634
1562,Daredevil,2015,8.7,,320734
1563,Sicario,2015,7.6,82.0,320261
1564,Mission: Impossible - Rogue Nation,2015,7.4,75.0,305140
1565,Room,2015,8.2,86.0,304092
1566,The Big Short,2015,7.8,81.0,300718
1567,Narcos,2015,8.8,,281157
1568,Fifty Shades of Grey,2015,4.1,,274536
1569,Mr. Robot,2015,8.6,,270682
1570,Bridge of Spies,2015,7.6,81.0,258279
1571,The Hunger Games: Mockingjay - Part 2,2015,6.6,65.0,244921
1572,Better Call Saul,2015,8.7,,239922
1573,The Man from U.N.C.L.E.,2015,7.3,,235879
1574,Terminator Genisys,2015,6.4,,229728
1575,Creed,2015,7.6,82.0,216168
1576,Spy,2015,7.0,75.0,210922
1577,Chappie,2015,6.8,,210578
1578,Maze Runner: The Scorch Trials,2015,6.3,,196515
1579,Southpaw,2015,7.4,,196268
1580,Insurgent,2015,6.2,,195908
1581,Minions,2015,6.4,,189476
1582,San Andreas,2015,6.1,,188621
1583,Focus,2015,6.6,,188547
1584,The Intern,2015,7.1,,187584
1585,Everest,2015,7.1,64.0,178261
1586,The Lobster,2015,7.1,82.0,173862
1587,Jessica Jones,2015,8.1,,168587
1588,Jupiter Ascending,2015,5.3,,164155
1589,Straight Outta Compton,2015,7.9,72.0,162665
1590,Ted 2,2015,6.3,,161732
1591,Tomorrowland,2015,6.4,,159378
1592,Black Mass,2015,6.9,68.0,153618
1593,The VVitch: A New-England Folktale,2015,6.8,83.0,147873
1594,The Danish Girl,2015,7.1,66.0,143138
1595,Cinderella,2015,6.9,67.0,138928
1596,Fantastic Four,2015,4.3,,137778
1597,Steve Jobs,2015,7.2,82.0,136188
1598,The Age of Adaline,2015,7.2,,135642
1599,Legend,2015,7.0,,135488
1600,Deadpool,2016,8.0,65.0,796829
1601,Batman v Superman: Dawn of Justice,2016,6.5,,563693
1602,Stranger Things,2016,8.9,,559626
1603,Captain America: Civil War,2016,7.8,75.0,549499
1604,Suicide Squad,2016,6.1,,515981
1605,Arrival,2016,7.9,81.0,496411
1606,Doctor Strange,2016,7.5,72.0,480681
1607,Rogue One,2016,7.8,65.0,463584
1608,La La Land,2016,8.0,93.0,419646
1609,Zootopia,2016,8.0,78.0,371352
1610,Hacksaw Ridge,2016,8.1,71.0,353791
1611,Fantastic Beasts and Where to Find Them,2016,7.3,66.0,351727
1612,X-Men: Apocalypse,2016,7.0,,343094
1613,Split,2016,7.3,62.0,332038
1614,Westworld,2016,8.8,,327879
1615,Passengers,2016,7.0,,301409
1616,10 Cloverfield Lane,2016,7.2,76.0,254881
1617,The Jungle Book,2016,7.4,77.0,237140
1618,The Nice Guys,2016,7.4,70.0,232887
1619,The Accountant,2016,7.3,,227726
1620,Warcraft,2016,6.9,,221625
1621,Moonlight,2016,7.4,99.0,218088
1622,Moana,2016,7.6,81.0,215895
1623,Now You See Me 2,2016,6.5,,208664
1624,Manchester by the Sea,2016,7.8,96.0,208056
1625,Finding Dory,2016,7.3,77.0,207762
1626,Star Trek Beyond,2016,7.1,68.0,205814
1627,Nocturnal Animals,2016,7.5,67.0,199092
1628,Sully,2016,7.5,74.0,196000
1629,The Conjuring 2,2016,7.4,65.0,187616
1630,Jason Bourne,2016,6.6,,186823
1631,Ghostbusters,2016,5.2,,183043
1632,Don't Breathe,2016,7.1,71.0,180899
1633,Lion,2016,8.1,69.0,175149
1634,Hell or High Water,2016,7.6,88.0,170151
1635,Me Before You,2016,7.4,,165611
1636,Hidden Figures,2016,7.8,74.0,165141
1637,The Magnificent Seven,2016,6.9,,164714
1638,The Promise,2016,6.1,,163625
1639,Assassin's Creed,2016,5.8,,162852
1640, Game of Thrones,2011,9.9,,158728
1641,The Secret Life of Pets,2016,6.5,61.0,157088
1642,Sausage Party,2016,6.2,66.0,155591
1643,Captain Fantastic,2016,7.9,72.0,153785
1644,Independence Day: Resurgence,2016,5.2,,152085
1645,War Dogs,2016,7.1,,149412
1646,The Legend of Tarzan,2016,6.3,,146664
1647,The Girl on the Train,2016,6.5,,146525
1648,Miss Peregrine's Home for Peculiar Children,2016,6.7,,137396
1649,Inferno,2016,6.2,,134990
1650,Deadpool,2016,8.0,65.0,796829
1651,Batman v Superman: Dawn of Justice,2016,6.5,,563693
1652,Stranger Things,2016,8.9,,559626
1653,Captain America: Civil War,2016,7.8,75.0,549499
1654,Suicide Squad,2016,6.1,,515981
1655,Arrival,2016,7.9,81.0,496411
1656,Doctor Strange,2016,7.5,72.0,480681
1657,Rogue One,2016,7.8,65.0,463584
1658,La La Land,2016,8.0,93.0,419646
1659,Zootopia,2016,8.0,78.0,371352
1660,Hacksaw Ridge,2016,8.1,71.0,353791
1661,Fantastic Beasts and Where to Find Them,2016,7.3,66.0,351727
1662,X-Men: Apocalypse,2016,7.0,,343094
1663,Split,2016,7.3,62.0,332038
1664,Westworld,2016,8.8,,327879
1665,Passengers,2016,7.0,,301409
1666,10 Cloverfield Lane,2016,7.2,76.0,254881
1667,The Jungle Book,2016,7.4,77.0,237140
1668,The Nice Guys,2016,7.4,70.0,232887
1669,The Accountant,2016,7.3,,227726
1670,Warcraft,2016,6.9,,221625
1671,Moonlight,2016,7.4,99.0,218088
1672,Moana,2016,7.6,81.0,215895
1673,Now You See Me 2,2016,6.5,,208664
1674,Manchester by the Sea,2016,7.8,96.0,208056
1675,Finding Dory,2016,7.3,77.0,207762
1676,Star Trek Beyond,2016,7.1,68.0,205814
1677,Nocturnal Animals,2016,7.5,67.0,199092
1678,Sully,2016,7.5,74.0,196000
1679,The Conjuring 2,2016,7.4,65.0,187616
1680,Jason Bourne,2016,6.6,,186823
1681,Ghostbusters,2016,5.2,,183043
1682,Don't Breathe,2016,7.1,71.0,180899
1683,Lion,2016,8.1,69.0,175149
1684,Hell or High Water,2016,7.6,88.0,170151
1685,Me Before You,2016,7.4,,165611
1686,Hidden Figures,2016,7.8,74.0,165141
1687,The Magnificent Seven,2016,6.9,,164714
1688,The Promise,2016,6.1,,163625
1689,Assassin's Creed,2016,5.8,,162852
1690, Game of Thrones,2011,9.9,,158728
1691,The Secret Life of Pets,2016,6.5,61.0,157088
1692,Sausage Party,2016,6.2,66.0,155591
1693,Captain Fantastic,2016,7.9,72.0,153785
1694,Independence Day: Resurgence,2016,5.2,,152085
1695,War Dogs,2016,7.1,,149412
1696,The Legend of Tarzan,2016,6.3,,146664
1697,The Girl on the Train,2016,6.5,,146525
1698,Miss Peregrine's Home for Peculiar Children,2016,6.7,,137396
1699,Inferno,2016,6.2,,134990
1700,Logan,2017,8.1,77.0,536592
1701,Wonder Woman,2017,7.5,76.0,465846
1702,Dunkirk,2017,7.9,94.0,448145
1703,Guardians of the Galaxy Vol. 2,2017,7.7,67.0,445787
1704,Star Wars: Episode VIII - The Last Jedi,2017,7.2,85.0,444673
1705,Thor: Ragnarok,2017,7.9,74.0,432482
1706,Spider-Man: Homecoming,2017,7.5,73.0,391538
1707,Get Out,2017,7.7,84.0,367958
1708,Blade Runner 2049,2017,8.0,81.0,361924
1709,Baby Driver,2017,7.6,86.0,347028
1710,It,2017,7.4,69.0,337559
1711,"Three Billboards Outside Ebbing, Missouri",2017,8.2,88.0,321785
1712,Justice League,2017,6.5,,313060
1713,The Shape of Water,2017,7.3,87.0,288998
1714,John Wick: Chapter 2,2017,7.5,75.0,261092
1715,Coco,2017,8.4,81.0,256973
1716,Jumanji: Welcome to the Jungle,2017,7.0,,230274
1717,Beauty and the Beast,2017,7.2,65.0,229129
1718,Kong: Skull Island,2017,6.6,62.0,227031
1719,Kingsman: The Golden Circle,2017,6.8,,220155
1720,Alien: Covenant,2017,6.4,65.0,219603
1721,Pirates of the Caribbean: Dead Men Tell No Tales,2017,6.6,,219411
1722,13 Reasons Why,2017,8.0,,202223
1723,War for the Planet of the Apes,2017,7.5,82.0,194833
1724,The Greatest Showman,2017,7.6,,188760
1725,The Fate of the Furious,2017,6.7,,174349
1726,Life,2017,6.6,,174137
1727,Murder on the Orient Express,2017,6.5,,172009
1728,Ghost in the Shell,2017,6.4,,169702
1729,Lady Bird,2017,7.4,94.0,167034
1730,King Arthur: Legend of the Sword,2017,6.8,,162961
1731,Wind River,2017,7.7,73.0,160980
1732,The Hitman's Bodyguard,2017,6.9,,155539
1733,Mother!,2017,6.6,75.0,148370
1734,The Mummy,2017,5.5,,148103
1735,Atomic Blonde,2017,6.7,63.0,144255
1736,Call Me by Your Name,2017,7.9,93.0,144024
1737,Bright,2017,6.4,,143302
1738,The Punisher,2017,8.6,,135366
1739,Valerian and the City of a Thousand Planets,2017,6.5,,134808
1740,"I, Tonya",2017,7.5,77.0,131868
1741,Darkest Hour,2017,7.4,75.0,129492
1742,Baywatch,2017,5.6,,128131
1743,American Made,2017,7.2,65.0,124810
1744,La casa de papel,2017,8.6,,114840
1745,Transformers: The Last Knight,2017,5.2,,113918
1746,Mindhunter,2017,8.5,,111213
1747,The Lego Batman Movie,2017,7.3,75.0,111193
1748,The Handmaid's Tale,2017,8.6,,106329
1749,The Disaster Artist,2017,7.4,76.0,106238
1750,Logan,2017,8.1,77.0,536592
1751,Wonder Woman,2017,7.5,76.0,465846
1752,Dunkirk,2017,7.9,94.0,448145
1753,Guardians of the Galaxy Vol. 2,2017,7.7,67.0,445787
1754,Star Wars: Episode VIII - The Last Jedi,2017,7.2,85.0,444673
1755,Thor: Ragnarok,2017,7.9,74.0,432482
1756,Spider-Man: Homecoming,2017,7.5,73.0,391538
1757,Get Out,2017,7.7,84.0,367958
1758,Blade Runner 2049,2017,8.0,81.0,361924
1759,Baby Driver,2017,7.6,86.0,347028
1760,It,2017,7.4,69.0,337559
1761,"Three Billboards Outside Ebbing, Missouri",2017,8.2,88.0,321785
1762,Justice League,2017,6.5,,313060
1763,The Shape of Water,2017,7.3,87.0,288998
1764,John Wick: Chapter 2,2017,7.5,75.0,261092
1765,Coco,2017,8.4,81.0,256973
1766,Jumanji: Welcome to the Jungle,2017,7.0,,230274
1767,Beauty and the Beast,2017,7.2,65.0,229129
1768,Kong: Skull Island,2017,6.6,62.0,227031
1769,Kingsman: The Golden Circle,2017,6.8,,220155
1770,Alien: Covenant,2017,6.4,65.0,219603
1771,Pirates of the Caribbean: Dead Men Tell No Tales,2017,6.6,,219411
1772,13 Reasons Why,2017,8.0,,202223
1773,War for the Planet of the Apes,2017,7.5,82.0,194833
1774,The Greatest Showman,2017,7.6,,188760
1775,The Fate of the Furious,2017,6.7,,174349
1776,Life,2017,6.6,,174137
1777,Murder on the Orient Express,2017,6.5,,172009
1778,Ghost in the Shell,2017,6.4,,169702
1779,Lady Bird,2017,7.4,94.0,167034
1780,King Arthur: Legend of the Sword,2017,6.8,,162961
1781,Wind River,2017,7.7,73.0,160980
1782,The Hitman's Bodyguard,2017,6.9,,155539
1783,Mother!,2017,6.6,75.0,148370
1784,The Mummy,2017,5.5,,148103
1785,Atomic Blonde,2017,6.7,63.0,144255
1786,Call Me by Your Name,2017,7.9,93.0,144024
1787,Bright,2017,6.4,,143302
1788,The Punisher,2017,8.6,,135366
1789,Valerian and the City of a Thousand Planets,2017,6.5,,134808
1790,"I, Tonya",2017,7.5,77.0,131868
1791,Darkest Hour,2017,7.4,75.0,129492
1792,Baywatch,2017,5.6,,128131
1793,American Made,2017,7.2,65.0,124810
1794,La casa de papel,2017,8.6,,114840
1795,Transformers: The Last Knight,2017,5.2,,113918
1796,Mindhunter,2017,8.5,,111213
1797,The Lego Batman Movie,2017,7.3,75.0,111193
1798,The Handmaid's Tale,2017,8.6,,106329
1799,The Disaster Artist,2017,7.4,76.0,106238
